Structure,Y
Cl.CN(N=Cc1cnc2ccc(cn12)C#N)S(=O)(=O)c3cc(ccc3C)[N+](=O)[O-],0.00026
Cl.CN(N=Cc1cnc2ccc(Br)cn12)S(=O)(=O)c3cc(ccc3C)[N+](=O)[O-],0.0003
Cc1nc(N)nc2N(C3CCCC3)C(=O)C(=Cc12)c4cnc5[nH]ccc5c4,0.00048
Cc1nc(N)nc2N(C3CCCC3)C(=O)C(=Cc12)c4cccc(O)c4,0.000524
Cc1nc(N)nc2N([C@@H]3CC[C@@H](O)CC3)C(=O)C(=Cc12)C(=O)Nc4ccn[nH]4,0.00059
Cc1nc(N)nc(n1)n2c(Nc3cc(O)cc(O)c3)nc4ccccc24,0.000646
COc1ncc(cc1F)C2=Cc3c(C)nc(N)nc3N([C@@H]4CC[C@H](CC4)OCC(=O)N)C2=O,0.000686
CNc1nc(C)c2C=C(C(=O)N(C3CCCC3)c2n1)c4cccc(O)c4,0.000731
CNc1nc(C)c2C=C(C(=O)N(C3CCCC3)c2n1)c4cnc5[nH]ccc5c4,0.00075
Cl.CN(N=Cc1cnc2ccc(Cl)cn12)S(=O)(=O)c3cc(ccc3C)[N+](=O)[O-],0.00077
CCNc1nc(C)c2C=C(C(=O)N([C@@H]3CC[C@@H](O)CC3)c2n1)c4cnc(OC)c(F)c4,0.000788
CC1(C)OCCn2c1cc3c(nc(nc23)c4cnc(N)nc4)N5CCOCC5,0.000831
COc1cc(ccc1O)C2=Cc3c(C)nc(N)nc3N(C4CCCC4)C2=O,0.000989
CS(=O)(=O)N1CCN(Cc2cn3cc(nc(N4CCOCC4)c3n2)c5cnc(N)nc5)CC1,0.001
CC1(C)OCCc2c1sc3c(nc(nc23)c4cnc(N)nc4)N5CCOCC5,0.001
CCNc1nc(C)c2C=C(C(=O)N(C3CCCC3)c2n1)c4cccc(O)c4,0.00101
CNc1nc(C)c2C=C(C(=O)N(C3CCCC3)c2n1)c4ccc(OC)nc4,0.00103
COc1ncc(cc1F)C2=Cc3c(C)nc(N)nc3N([C@@H]4CC[C@@H](O)CC4)C2=O,0.0011
Cc1nc(N)nc2N([C@@H]3CC[C@H](O)C3)C(=O)C(=Cc12)c4cnc5[nH]ccc5c4,0.0012
Cc1nc(N)nc2N([C@@H]3CC[C@@H](O)C3)C(=O)C(=Cc12)c4cnc5[nH]ccc5c4,0.0012
CCn1nccc1NC(=O)C2=Cc3c(C)nc(N)nc3N([C@@H]4CC[C@@H](O)CC4)C2=O,0.0013
Cc1nc(N)nc2N([C@@H]3CC[C@@H](O)CC3)C(=O)C(=Cc12)c4cnc5[nH]ccc5c4,0.0013
Nc1ncc(cn1)c2nc(N3CCOCC3)c4nc5OC6(CCn5c4n2)CC6,0.00137
COc1ncc(cc1F)C2=Cc3c(C)nc(N)nc3N(C4CCOCC4)C2=O,0.00143
COc1ncc(cc1F)C2=Cc3c(C)nc(N)nc3N([C@@H]4CC[C@H](CC4)OCCO)C2=O,0.00144
CNc1nc(C)c2C=C(C(=O)N(C3CCCC3)c2n1)c4ccc(O)c(OC)c4,0.00157
COc1ncc(cc1F)C2=Cc3c(C)nc(N)nc3N([C@@H]4CC[C@@H](CC4)OCC(=O)N)C2=O,0.00158
CCNc1nc(C)c2C=C(C(=O)N([C@@H]3CC[C@@H](O)CC3)c2n1)c4cnc(OC)nc4,0.00159
Cc1nc(N)nc2N([C@@H]3CC[C@H](O)CC3)C(=O)C(=Cc12)c4ccc5cc[nH]c5n4,0.0016
CO[C@@H]1CC[C@H](CC1)N2C(=O)C(=Cc3c(C)nc(N)nc23)c4cnc(OC)c(F)c4,0.0016
CNc1nc(C)c2C=C(C(=O)N(CC3CCOC3)c2n1)c4cnc5[nH]ccc5c4,0.0016
COc1ncc(cc1F)C2=Cc3c(C)nc(N)nc3N(C4CCCC4)C2=O,0.0017
CCNc1nc(C)c2C=C(C(=O)N(C3CCCC3)c2n1)c4cnc5[nH]ccc5c4,0.00177
CNc1nc(C)c2C=C(C(=O)N([C@@H]3CC[C@@H](O)CC3)c2n1)c4ccc(OC)nc4,0.0018
Cc1nc(N)ncc1c2nc(N3CCOCC3)c4nc5n(CCOC5(C)C)c4n2,0.0018
Cc1nc(N)nc2N(C3CCC3)C(=O)C(=Cc12)c4cnc5[nH]ccc5c4,0.002
COc1ncc(cn1)C2=Cc3c(C)nc(N)nc3N(C4CCCC4)C2=O,0.002
CC(=O)Nc1nc2ccc(cc2s1)c3cnc(Cl)c(OC(=O)C)c3,0.002
CC1(C)OCCn2c1nc3c(nc(nc23)c4cnc(N)nc4)N5CCOCC5,0.00209
COc1ncc(cc1F)C2=Cc3c(C)nc(N)nc3N([C@@H]4C[C@H](C4)OCC(=O)N)C2=O,0.00214
COc1ncc(cn1)C2=Cc3c(C)nc(N)nc3N(C(C)C)C2=O,0.0022
COc1ncc(cn1)C2=Cc3c(C)nc(N)nc3N([C@@H]4CC[C@H](CC4)OCCO)C2=O,0.0022
COc1ncc(cn1)C2=Cc3c(C)nc(N)nc3N([C@@H]4CC[C@@H](O)CC4)C2=O,0.0023
CC(C)N1C(=O)C(=Cc2c(C)nc(N)nc12)c3cnc4[nH]ccc4c3,0.0023
CNc1nc(C)c2C=C(C(=O)Nc3cc[nH]n3)C(=O)N(C4CCCC4)c2n1,0.00234
CC(C)[C@@H]1CN(CCN1C)c2c(cnn2C)c3ccc4c(OCCn5cc(nc45)c6nc(C)nn6C(C)C)c3,0.00234
COc1ncc(cc1F)C2=Cc3c(C)nc(N)nc3N([C@@H]4CC[C@H](O)CC4)C2=O,0.0024
Nc1ncc(cn1)c2nc(N3CCOCC3)c4nc5n(CCOC56COC6)c4n2,0.00245
Nc1nc2ccc(cc2s1)c3cnc(Cl)c(NS(=O)(=O)c4ccccc4C(F)(F)F)c3,0.0025
[2H]C([2H])([2H])C1(OCCn2c1nc3c(nc(nc23)c4cnc(N)nc4)N5CCOCC5)C([2H])([2H])[2H],0.00259
COc1ncc(cc1F)C2=Cc3c(C)nc(N)nc3N([C@@H]4CC[C@@H](CC4)OCCO)C2=O,0.0026
Nc1nc2ccc(cc2s1)c3cnc(Cl)c(NS(=O)(=O)c4ccc(cc4Cl)C(F)(F)F)c3,0.0026
CCOc1ccc(cn1)C2=Cc3c(C)nc(N)nc3N([C@@H]4CC[C@@H](O)CC4)C2=O,0.0027
Cl.Cc1ccc(cc1S(=O)(=O)c2nc(cs2)c3cnc4ccc(Cl)cn34)[N+](=O)[O-],0.0028
Cc1nc(N)nc2N(CC3CCOC3)C(=O)C(=Cc12)c4cnc5[nH]ccc5c4,0.0028
CC(C)N1C(=O)C(=Cc2c(C)nc(N)nc12)C(=O)Nc3ccn[nH]3,0.0029
COc1ccc(cn1)C2=Cc3c(C)nc(N)nc3N(C4CCCC4)C2=O,0.00296
CN(C)Cc1cc2nc(nc(N3CCOCC3)c2s1)c4cccc(O)c4,0.003
COc1ccc(cc1)S(=O)(=O)Nc2cc(cnc2Cl)c3ccc4nc(NC(=O)C)sc4c3,0.003
CCOC(=O)N1CCC(CC1)NC(=O)c2cn3cc(nc(N4CCOCC4)c3n2)c5cnc(N)nc5,0.003
C[C@@H]1CN(C[C@H](C)N1Cc2cn3cc(nc(N4CCOCC4)c3n2)c5cnc(N)nc5)S(=O)(=O)C,0.003
COc1ccc(cc1OC)c2c[nH]c3ncc(cc23)c4cncc(NS(=O)(=O)c5ccc(F)cc5F)c4,0.003
CN(C)C[C@@H]1CCN([C@@H]1C(=O)N)C(=O)Nc2nc3COc4cnc(cc4c3s2)C(C)(C)C,0.003
CCNc1nc(C)c2C=C(C(=O)N(C3CCCC3)c2n1)c4ccc(O)c(OC)c4,0.00308
Cc1nc(N)nc2N(C3CCCC3)C(=O)C(=Cc12)c4cccc(CO)c4,0.0031
COc1ncc(cc1F)C2=Cc3c(C)nc(N)nc3N([C@@H]4C[C@H](C4)OCCO)C2=O,0.00311
CC[C@]1(C)OCCn2c1nc3c(nc(nc23)c4cnc(N)nc4)N5CCOCC5,0.00311
CC(=O)Nc1nc2ccc(cc2s1)c3cnc(Cl)c(NS(=O)(=O)C4CCCCC4)c3,0.0032
CC(=O)Nc1nc2ccc(cc2s1)c3cnc(Cl)c(NS(=O)(=O)c4cc(Cl)cc(Cl)c4)c3,0.0032
CC(C)N1CCC[C@H](C1)C2CCN2c3ccc4c(OCCn5cc(nc45)c6nc(C)nn6C(C)C)c3,0.00341
Nc1ncc(cn1)c2nc(N3CCOCC3)c4nc5[C@H](OCCn5c4n2)C(F)(F)F,0.00345
C[C@@H]1CCN([C@@H]1C(=O)N)C(=O)Nc2nc3CCc4cnc(nc4c3s2)C(C)(C)C,0.0035
Nc1ncc(cn1)c2nc(N3CCOCC3)c4nc5[C@@H](OCCn5c4n2)C(F)(F)F,0.00357
Cl.Oc1cccc(c1)c2nc(N3CCOCC3)c4oc5ncccc5c4n2,0.0036
CC(=O)Nc1nc2ccc(cc2s1)c3cnc(Cl)c(NS(=O)(=O)c4ccc(cc4)C(C)(C)C)c3,0.0036
COc1ncc(cn1)C2=Cc3c(C)nc(N)nc3N([C@@H]4CC[C@@H](CC4)OCC(=O)N)C2=O,0.00362
CN1CCCCC1C2CCCN2c3cc4OCCn5cc(nc5c4cn3)c6nc(C)nn6CC(F)(F)F,0.003665
Cc1nc(N)nc2N(C3CCOCC3)C(=O)C(=Cc12)c4cnc5[nH]ccc5c4,0.0037
CC(=O)Nc1nc2ccc(cc2s1)c3cnc(C)c(NS(=O)(=O)c4ccccc4)c3,0.0038
CC(=O)Nc1nc2ccc(cc2s1)c3cncc(NS(=O)(=O)c4cccc(F)c4)c3,0.0038
COc1ccc(cn1)C2=Cc3c(C)nc(N)nc3N([C@@H]4CC[C@@H](CC4)OCC(=O)N)C2=O,0.00387
Nc1ncc(cn1)c2nc(N3CCOCC3)c4nc5CCCCn5c4n2,0.00388
CC1(C)OCCn2c1nc3c(nc(nc23)c4cnc(N)cc4C(F)(F)F)N5CCOCC5,0.00389
Cc1nc(N)nc2N(C3CCOCC3)C(=O)C(=Cc12)c4cccc(CO)c4,0.0039
CCn1nccc1NC(=O)C2=Cc3c(C)nc(N)nc3N(C(C)C)C2=O,0.0039
CO[C@@H]1CC[C@H](CC1)N2C(=O)C(=Cc3c(C)nc(N)nc23)c4ccc(OC)nc4,0.0039
Cc1nc(N)nc2N([C@@H]3CC[C@@H](O)CC3)C(=O)C(=Cc12)c4ccc5OCCOc5c4,0.004
CCNc1nc(C)c2C=C(CCCO)C(=O)N(C3CCCC3)c2n1,0.004
COCCN(C)Cc1cc2nc(nc(N3CCOCC3)c2s1)c4cccc(O)c4,0.004
[2H]C([2H])([2H])C([2H])([2H])N(c1cncc(n1)c2sc(NC(=O)N3CC[C@@H](C)[C@H]3C(=O)N)nc2C)C([2H])([2H])C([2H])([2H])[2H],0.004
CC(C)(C)c1ncc2CCc3nc(NC(=O)N4CCC[C@H]4C(=O)N)sc3c2n1,0.004
CC(C)(C)c1ncc2CCc3nc(NC(=O)N4CC[C@@H](CN5CCOCC5)[C@H]4C(=O)N)sc3c2n1,0.004
C[C@@H]1CCN([C@@H]1C(=O)N)C(=O)Nc2nc3CCc4sc(nc4c3s2)C(C)(C)C(F)(F)F,0.004
CN(C)[C@@H]1C[C@H](N(C1)C(=O)Nc2nc3CCc4cnc(nc4c3s2)C(C)(C)C)C(=O)N,0.004
CC(=O)Nc1nc2ccc(cc2s1)c3cnc(C)c(NS(=O)(=O)c4ccc(F)cc4)c3,0.0041
COc1ncc(cn1)C2=Cc3c(C)nc(N)nc3N([C@@H]4CC[C@H](CC4)OCC(=O)N)C2=O,0.00411
CC1NC(=O)Cn2c1nc3c(nc(nc23)c4cnc(N)nc4)N5CCOCC5,0.00428
COc1ccc(cn1)C2=Cc3c(C)nc(N)nc3N(C4CCC(=O)CC4)C2=O,0.0043
Nc1ncc(cn1)c2nc(N3CCOCC3)c4nc5COCCn5c4n2,0.00432
COc1ncc(cn1)C2=Cc3c(C)nc(N)nc3N([C@@H]4CC[C@H](O)CC4)C2=O,0.0044
COc1ncc(cc1F)C2=Cc3c(C)nc(N)nc3N(N4CCCC4)C2=O,0.0045
[2H]C([2H])([2H])C(c1nccc(n1)c2sc(NC(=O)N3CC[C@@H](C)[C@H]3C(=O)N)nc2C)(C([2H])([2H])[2H])C([2H])([2H])[2H],0.0045
CCN(CC)c1ncc2CCc3nc(NC(=O)N4C[C@H](O)C[C@H]4C(=O)N)sc3c2n1,0.0045
CC1(C)OCCn2c1nc3c(nc(nc23)c4cccc(O)c4)N5CCOCC5,0.00458
COc1ccc(cn1)C2=Cc3c(C)nc(N)nc3N([C@@H]4CC[C@@H](O)C4)C2=O,0.0046
CNc1nc(C)c2C=C(C(=O)N(CC3CCOC3)c2n1)c4ccc(OC)nc4,0.0046
COc1ccc(cn1)C2=Cc3c(C)nc(N)nc3N([C@@H]4C[C@H](C4)OCC(=O)N)C2=O,0.00472
CC1=COC(C)(C)c2nc3c(nc(nc3n12)c4cnc(N)nc4)N5CCOCC5,0.00473
CNc1nc(C)c2C=C(C(=O)N(C3CCCC3)c2n1)c4cccc(CO)c4,0.00478
Nc1nc2ccc(cc2s1)c3cnc(Cl)c(NS(=O)(=O)c4ccc(F)cc4)c3,0.0048
COc1ccc(cn1)C2=Cc3c(C)nc(N)nc3N([C@@H]4CC[C@H](CC4)OCCO)C2=O,0.00485
CC(=O)Nc1nc2ccc(cc2s1)c3cnc(Cl)c(NS(=O)(=O)c4ccc(F)cc4)c3,0.0049
CC(=O)Nc1nc2ccc(cc2s1)c3cnc(Cl)c(NS(=O)(=O)c4ccc(Cl)cc4)c3,0.0049
CC(=O)Nc1nc2ccc(cc2s1)c3cnc(Cl)c(NS(=O)(=O)c4ccc(cc4)C(F)(F)F)c3,0.0049
CNc1nc(C)c2C=C(C(=O)Nc3ccon3)C(=O)N(C4CCCC4)c2n1,0.005
CC(=O)Nc1nc2ccc(cc2s1)c3cnc(Cl)c(O)c3,0.005
CC(=O)Nc1cn2nc(ccc2n1)c3cnc(Cl)c(NS(=O)(=O)c4ccc(F)cc4Cl)c3,0.005
CC(C)(C)c1ncc2CCc3nc(NC(=O)N4CCC[C@@]4(C)C(=O)N)sc3c2n1,0.005
CN(C)C[C@@H]1CCN([C@@H]1C(=O)N)C(=O)Nc2nc3CCc4cnc(nc4c3s2)C(C)(C)C,0.005
CN(C)C[C@@H]1CCN([C@@H]1C(=O)N)C(=O)Nc2nc3CCc4sc(nc4c3s2)C(C)(C)C,0.005
CCNc1nc(C)c2C=C(C(=O)N(C3CCCC3)c2n1)c4ccc(OC)nc4,0.00503
CC1(C)CCn2c(O1)nc3c(nc(nc23)c4cnc(N)nc4)N5CCOCC5,0.00509
Cl.CN(N=Cc1cnc2ccc(F)cn12)S(=O)(=O)c3cc(ccc3C)[N+](=O)[O-],0.0053
CC(=O)Nc1nc2ccc(cc2s1)c3cncc(NS(=O)(=O)c4ccc(F)cc4)c3,0.0053
COc1ncc(cn1)C2=Cc3c(C)nc(N)nc3N([C@@H]4CC[C@@H](CC4)OCCO)C2=O,0.00531
Cc1nc(N)nc2N(CC3CCCO3)C(=O)C(=Cc12)c4cnc5[nH]ccc5c4,0.0054
CC(=O)Nc1nc2ccc(cc2s1)c3cnc(C)c(NS(=O)(=O)c4ccccc4F)c3,0.0055
CCN(CC)c1ncc2CCc3nc(NC(=O)N4C[C@H](F)C[C@H]4C(=O)N)sc3c2n1,0.0055
CCN(CC)c1ncc2CCc3nc(NC(=O)N4CC[C@@H]5C[C@]45C(=O)N)sc3c2n1,0.0055
CC(C)(C)c1ncc2CCc3nc(NC(=O)N4CC[C@H]4C(=O)N)sc3c2n1,0.0055
C[C@@H]1CCN([C@@H]1C(=O)N)C(=O)Nc2nc3COc4cnc(cc4c3s2)C(C)(C)C,0.0055
CCN(CC)c1ncc2CCc3nc(NC(=O)N4CCC[C@@]4(COC)C(=O)N)sc3c2n1,0.0055
CCN(CC)c1ncc2CCc3nc(NC(=O)N4CC[C@H](C)[C@H]4C(=O)N)sc3c2n1,0.0055
CC(=O)Nc1nc2ccc(cc2s1)c3cncc(NS(=O)(=O)c4ccc(Cl)c(Cl)c4)c3,0.0056
CC(=O)Nc1nc2ccc(cc2s1)c3cncc(NS(=O)(=O)c4ccccc4)c3,0.0056
CC(=O)Nc1cn2nc(ccc2n1)c3cnc(Cl)c(NS(=O)(=O)C)c3,0.0057
Nc1ncc(cn1)c2nc(N3CCOCC3)c4OCC5COCCN5c4n2,0.00572
COc1ccc(cn1)C2=Cc3c(C)nc(N)nc3N([C@@H]4CC[C@H](CC4)OCC(=O)N)C2=O,0.00579
CN(C)c1ccc(cn1)C2=Cc3c(C)nc(N)nc3N([C@@H]4CC[C@@H](O)CC4)C2=O,0.0059
COc1ccc(cc1OC)c2ccc3nc(C)c(c4cnc(N)c(c4)C(F)(F)F)n3n2,0.0059
COc1ncc(cn1)C2=Cc3c(C)nc(N)nc3N([C@@H]4C[C@H](C4)OCC(=O)N)C2=O,0.00591
CC[C@@]1(C)OCCn2c1nc3c(nc(nc23)c4cnc(N)nc4)N5CCOCC5,0.00596
Cl.CN(N=Cc1cnc2ccc(C)cn12)S(=O)(=O)c3cc(ccc3C)[N+](=O)[O-],0.006
CNc1nc(C)c2C=C(C(=O)N(CC3CCOC3)c2n1)c4cn[nH]c4,0.006
Cc1cc2nc(nc(N3CCOCC3)c2s1)c4cccc(O)c4,0.006
Cc1cc(F)ccc1S(=O)(=O)Nc2cc(cnc2Cl)c3ccc4nc(N)sc4c3,0.006
CC(=O)Nc1nc2ccc(cc2s1)c3cnc(Cl)c(NS(=O)(=O)c4ccc(OC(F)F)cc4)c3,0.006
CC(=O)Nc1nc2ccc(cc2s1)c3cnc(Cl)c(NS(=O)(=O)c4cccc(Cl)c4)c3,0.006
CC(=O)Nc1cn2nc(ccc2n1)c3cnc(Cl)c(NS(=O)(=O)c4ccc(cc4)C(C)(C)O)c3,0.006
CN[C@H](C)c1ccc(cc1)S(=O)(=O)Nc2cc(cnc2Cl)c3ccc4nc(NC(=O)C)cn4n3,0.006
CC(=O)Nc1cn2nc(ccc2n1)c3cnc(Cl)c(NS(=O)(=O)N4CCOCC4)c3,0.006
CC(=O)Nc1cn2nc(ccc2n1)c3cnc(Cl)c(NS(=O)(=O)c4ccc(C)cc4)c3,0.006
CC(=O)Nc1cn2nc(ccc2n1)c3cncc(NS(=O)(=O)c4ccc(F)cc4)c3,0.006
Cc1nc(NC(=O)N2CC[C@@H](CN3CCOCC3)[C@H]2C(=O)N)sc1c4ccnc(c4)C(C)(C)C(F)(F)F,0.006
CCN(CC)c1ncc2CCc3nc(NC(=O)N4CCC[C@H]4C(=O)N)sc3c2n1,0.006
C[C@@H]1CCN([C@@H]1C(=O)N)C(=O)Nc2nc3COc4cnc(cc4c3s2)C(C)(C)C(F)(F)F,0.006
CC(=O)Nc1nc2ccc(cc2s1)c3cnc(Cl)c(NS(=O)(=O)c4cccc(c4)C(C)(C)C)c3,0.0061
CO[C@@H]1CC[C@H](CC1)N2C(=O)C(=Cc3c(C)nc(N)nc23)c4ccc(nc4)N(C)C,0.0062
CC(C)n1nc(C)nc1c2cn3CCOc4cc(OC5(C)CNC5)ccc4c3n2,0.0062
CNc1nc(C)c2C=C(C(=O)N(C3CCC3)c2n1)c4ccc(OC)nc4,0.0063
CC(=O)Nc1nc2ccc(cc2s1)c3cnc(Cl)c(NS(=O)(=O)c4cccc(c4)C(F)(F)F)c3,0.0063
CC(C)n1nc(C)nc1c2cn3CCOc4cc(ccc4c3n2)N5CCC[C@H]5CN6CCCC6,0.00632
CC(O)c1ccc(cc1)S(=O)(=O)Nc2cc(cnc2Cl)c3ccc4nc(NC(=O)C)sc4c3,0.006333333
CC(C)N1CCC(CC1)C(C)Oc2ccc3c(OCCn4cc(nc34)c5ncnn5C(C)C)c2,0.00636
CC(=O)Nc1nc2ccc(cc2s1)c3cnc(C)c(NS(=O)(=O)c4cccc(c4)C(F)(F)F)c3,0.0064
CC(=O)Nc1nc2ccc(cc2s1)c3cnc(Cl)c(NS(=O)(=O)c4ccc(C)cc4)c3,0.0064
CC(=O)Nc1nc2ccc(cc2s1)c3cncc(NS(=O)(=O)c4ccc(cc4)C(C)(C)C)c3,0.0065
CCN(CC)c1ncc2CCc3nc(NC(=O)N4C[C@@H](O)C[C@H]4C(=O)N)sc3c2n1,0.0065
COC[C@@H]1CCN([C@@H]1C(=O)N)C(=O)Nc2nc3CCc4cnc(nc4c3s2)C(C)(C)C(F)(F)F,0.0065
CCN(CC)c1ncc2CCc3nc(NC(=O)N4CCC[C@@]4(C)C(=O)N)sc3c2n1,0.0065
COc1ccc(cn1)C2=Cc3c(C)nc(N)nc3N(C4CCOCC4)C2=O,0.0066
CC(=O)Nc1nc2ccc(cc2s1)c3cnc(Cl)c(NS(=O)(=O)c4cccc(F)c4)c3,0.0066
CC(=O)Nc1nc2ccc(cc2s1)c3cnc(Cl)c(NS(=O)(=O)c4cccs4)c3,0.0066
COc1ncc(cn1)C2=Cc3c(C)nc(N)nc3N([C@@H]4C[C@H](C4)OCCO)C2=O,0.00665
Cc1nc(N)nc2N([C@@H]3CC[C@@H](O)CC3)C(=O)C(=Cc12)c4cn[nH]c4,0.0067
Nc1nc2ccc(cc2s1)c3cnc(Cl)c(NS(=O)(=O)c4cccc(OC(F)F)c4)c3,0.0067
CC(=O)Nc1nc2ccc(cc2s1)c3cncc(NS(=O)(=O)c4ccc(cc4)C(F)(F)F)c3,0.0067
CNC(=O)Nc1ccc(cc1)c2nc(N3CCOCC3)c4nc5n(CCOC5(C)C)c4n2,0.00671
CC(=O)Nc1nc2ccc(cc2s1)c3cnc(Cl)c(NS(=O)(=O)c4ccc(Cl)s4)c3,0.0068
COc1ccc(cn1)C2=Cc3c(C)nc(N)nc3N([C@@H]4CC[C@H](CC4)OC[C@@H](O)CO)C2=O,0.00682
Nc1ncc(cn1)c2nc(N3CCOCC3)c4nc5OCCCn5c4n2,0.00684
CC1N(C)CCn2c1nc3c(nc(nc23)c4cnc(N)nc4)N5CCOCC5,0.00689
CC(=O)Nc1nc2ccc(cc2s1)c3cnc(Cl)c(NS(=O)(=O)Cc4ccccc4)c3,0.0069
COc1ccc(cn1)C2=Cc3c(C)nc(N)nc3N(C4CCN(C4)C(=O)C)C2=O,0.007
OCCN1CCN(Cc2cc3nc(nc(N4CCOCC4)c3s2)c5cccc(O)c5)CC1,0.007
CC(=O)Nc1nc2ccc(cc2s1)c3cnc(C)c(NS(=O)(=O)c4ccc(cc4)C(C)(C)C)c3,0.007
CC(=O)Nc1cn2nc(ccc2n1)c3cnc(Cl)c(NS(=O)(=O)c4cccc(OC(F)F)c4)c3,0.007
CC(=O)Nc1cn2nc(ccc2n1)c3cnc(Cl)c(NS(=O)(=O)c4c(C)cccc4Cl)c3,0.007
CNC(C)c1ccc(cc1)S(=O)(=O)Nc2cc(cnc2Cl)c3ccc4nc(NC(=O)C)cn4n3,0.007
CC(=O)Nc1cn2nc(ccc2n1)c3cnc(Cl)c(NS(=O)(=O)c4ccc(F)cc4)c3,0.007
C[C@@H]1CCN([C@@H]1C(=O)N)C(=O)Nc2nc(C)c(s2)c3ccnc(c3)C4(C)CC4,0.007
CC(C)(C)c1ncc2CCc3nc(NC(=O)N4CCC4C(=O)N)sc3c2n1,0.007
CC(C)(CF)c1nc2c(CCc3nc(NC(=O)N4CCC[C@H]4C(=O)N)sc23)s1,0.007
C[C@@H]1CCN([C@@H]1C(=O)N)C(=O)Nc2nc3CCc4cnc(nc4c3s2)C(C)(C)C(F)(F)F,0.007
CC(=O)Nc1nc2ccc(cc2s1)c3cnc(C)c(NS(=O)(=O)c4cccc(OC(F)F)c4)c3,0.0071
CC(=O)Nc1nc2ccc(cc2s1)c3cnc(Cl)c(NS(=O)(=O)c4ccc(O)cc4)c3,0.0072
CC(=O)Nc1nc2ccc(cc2s1)c3cnc(Cl)c(NS(=O)(=O)c4cccc(OC(F)F)c4)c3,0.0072
Cc1nc(N)nc(n1)n2c(Nc3ccc(NC(=O)Nc4ccncc4)cc3)nc5ccccc25,0.007312
COc1ccc(cn1)C2=Cc3c(C)nc(N)nc3N(C4CCOC4)C2=O,0.0075
CC(=O)Nc1nc2ccc(nc2s1)c3cncc(NS(=O)(=O)c4ccc(F)cc4)c3,0.0075
COc1ccc(cc1)S(=O)(=O)Nc2cc(cnc2C)c3ccc4nc(NC(=O)C)sc4c3,0.0075
Cc1nc(N)nc2N([C@@H]3CC[C@H](CC3)OCCO)C(=O)C(=Cc12)c4cn[nH]c4,0.00758
COc1ccc(cn1)C2=Cc3c(C)nc(N)nc3N([C@@H]4CC[C@H](O)CC4)C2=O,0.0076
Nc1nc2ccc(cc2s1)c3cnc(Cl)c(NS(=O)(=O)c4ccc(Cl)cc4Cl)c3,0.0076
COc1ccc(cn1)C2=Cc3c(C)nc(N)nc3N(CC4CCOC4)C2=O,0.0077
CC(=O)Nc1nc2c(F)cc(cc2s1)c3cncc(NS(=O)(=O)c4ccc(cc4)C(F)(F)F)c3,0.0077
COc1ccc(cc1)S(=O)(=O)Nc2cncc(c2)c3ccc4nc(NC(=O)C)sc4c3,0.0078
CNc1nc(C)c2C=C(C(=O)N(C3CCCC3)c2n1)c4cn[nH]c4,0.008
Nc1nc2ccc(cc2n1c3ccccn3)c4cnc(Cl)c(NS(=O)(=O)c5ccc(F)cc5)c4.OC=O,0.008
CN[C@@H](C)c1ccc(cc1)S(=O)(=O)Nc2cc(cnc2Cl)c3ccc4nc(NC(=O)C)cn4n3,0.008
CCN(CC)c1ncc2CCc3nc(NC(=O)N4C[C@@H](F)C[C@H]4C(=O)N)sc3c2n1,0.008
CC(C)(C)c1nc2c(CCc3nc(NC(=O)N4CCC[C@@]4(C)C(=O)N)sc23)s1,0.008
COC[C@@H]1CCN([C@@H]1C(=O)N)C(=O)Nc2nc3CCc4cnc(nc4c3s2)C(C)(C)C,0.008
Cc1nc(N)nc2N([C@@H]3CC[C@@H](O)CC3)C(=O)C(=Cc12)c4cnc5ccccc5c4,0.0082
COc1ccc(cn1)C2=Cc3c(C)nc(N)nc3N(C4CCC4)C2=O,0.0082
Nc1ncc(cn1)c2nc(N3CCOCC3)c4nc5CCCn5c4n2,0.00826
COc1ccc(cc1)S(=O)(=O)Nc2cncc(n2)c3ccc4nc(NC(=O)C)sc4c3,0.0084
CC(=O)Nc1nc2ccc(cc2s1)c3cnc(c(O)c3)C(F)(F)F,0.0085
CC(C)(C)c1ncc2CCc3nc(NC(=O)N4CCC[C@@]4(CO)C(=O)N)sc3c2n1,0.0085
CNc1nc2ccc(cc2s1)c3cnc(Cl)c(NS(=O)(=O)c4ccc(F)cc4)c3,0.0086
CC(C)N1CCN(CC1)[C@@H](C)c2cc3c(OCCn4cc(nc34)c5nc(C)nn5C(C)C)cc2C,0.00881
CNc1nc(C)c2C=C(C(=O)N(CCC3CC3)c2n1)c4ccc(OC)nc4,0.0089
CO[C@@H]1CC[C@H](CC1)N2C(=O)C(=Cc3c(C)nc(N)nc23)c4cn[nH]c4,0.009
CC(=O)Nc1nc2ccc(nn2c1c3ccncc3)c4cnc(Cl)c(NS(=O)(=O)C)c4.OC(=O)C(F)(F)F,0.009
CC(=O)Nc1cn2cc(ccc2n1)c3cnc(Cl)c(NS(=O)(=O)c4ccc(F)cc4)c3,0.009
C[C@@H]1CCN([C@@H]1C(=O)N)C(=O)Nc2nc(C)c(s2)c3ccnc(c3)C(C)(C)C,0.009
CCN(CC)c1ncc2CCc3nc(NC(=O)N4CC[C@H]4C(=O)N)sc3c2n1,0.009
CC(C)(C)c1nc2c(CCc3nc(NC(=O)N4CC[C@@H]5C[C@]45C(=O)N)sc23)s1,0.009
CC(C)(C)c1ncc2CCc3nc(NC(=O)N4CC[C@@H](O)[C@H]4C(=O)N)sc3c2n1,0.009
COC[C@@H]1CCN([C@@H]1C(=O)N)C(=O)Nc2nc3CCc4sc(nc4c3s2)C(C)(C)C(F)(F)F,0.009
CC(C)N1CCC(C)(C1)Oc2ccc3c(OCCn4cc(nc34)c5nc(C)nn5C(C)C)c2,0.00919
CC(C)N1CCCC(C1)c2c(cnn2C)c3cc4OCCn5cc(nc5c4cn3)c6nc(C)nn6C(C)C,0.00919
CNc1nc2ccc(cc2s1)c3cnc(Cl)c(NS(=O)(=O)c4c(Cl)cccc4Cl)c3,0.0092
CN(C)c1ccc(cn1)C2=Cc3c(C)nc(N)nc3N([C@@H]4CC[C@H](CC4)OCCO)C2=O,0.00928
CC(C)Oc1ccc(cn1)C2=Cc3c(C)nc(N)nc3N([C@@H]4CC[C@@H](O)CC4)C2=O,0.0094
CC(=O)Nc1nc2ccc(cc2s1)c3cncc(NS(=O)(=O)c4cccc(c4)C(F)(F)F)c3,0.0094
Cc1nc(N)nc2N([C@@H]3CC[C@@H](O)C3)C(=O)C(=Cc12)c4cn[nH]c4,0.0095
CO[C@@H]1CC[C@H](CC1)N2C(=O)C(=Cc3c(C)nc(N)nc23)c4cc[nH]n4,0.0095
CCN(CC)c1ncc2CCc3nc(NC(=O)N4CCC[C@@]4(CO)C(=O)N)sc3c2n1,0.0095
CC(C)n1nc(C)nc1c2cn3CCOc4cc(F)c(cc4c3n2)c5cnn(C)c5C6CC(CCO6)N(C)C,0.00957
CC(=O)Nc1nc2ccc(cc2s1)c3cncc(NS(=O)(=O)c4ccc(C)cc4)c3,0.0098
COc1ccc(cn1)C2=Cc3c(C)nc(N)nc3N([C@@H]4CC[C@@H](CC4)OCCO)C2=O,0.0099
Cc1nc(N)nc2N([C@@H]3CC[C@@H](O)CC3)C(=O)C(=Cc12)c4cc[nH]n4,0.01
COc1ccc(cn1)C2=Cc3c(C)nc(N)nc3N(CC(C)C)C2=O,0.01
CN1CCN(Cc2cc3nc(nc(N4CCOCC4)c3s2)c5cccc(O)c5)CC1,0.01
CC(=O)Nc1cn2cc(ccc2n1)c3cncc(NS(=O)(=O)c4ccc(F)cc4)c3,0.01
Nc1ncc(cn1)c2cn3cc(nc3c(n2)N4CCOCC4)C(=O)N[C@@H]5CC[C@@H](O)CC5,0.01
C[C@@H]1CCN([C@@H]1C(=O)N)C(=O)Nc2nc(C)c(s2)c3ccnc(n3)C(C)(C)F,0.01
COc1ccc(cn1)C2=Cc3c(C)nc(N)nc3N([C@@H]4C[C@H](C4)OCCO)C2=O,0.0102
CC(=O)Nc1nc2ccc(cc2s1)c3cnc(Cl)c(NS(=O)(=O)N4CCCCC4)c3,0.0103
CC(=O)Nc1nc2ccc(cc2s1)c3cnc(Cl)c(NS(=O)(=O)c4cc(F)cc(F)c4)c3,0.0103
CC(C)n1nc(C)nc1c2cn3CCOc4cc(ccc4c3n2)N5CCCC5CN(C)C,0.01031
CC(C)(C)c1ncc2CCc3nc(NC(=O)N4CC[C@@H]5C[C@]45C(=O)N)sc3c2n1,0.0105
CCCCS(=O)(=O)Nc1cc(cnc1Cl)c2ccc3nc(NC(=O)C)sc3c2,0.0106
CNc1nc2ccc(cc2s1)c3cnc(Cl)c(NS(=O)(=O)c4ccc(cc4)C(C)(C)NC(=O)C)c3,0.0108
CC(C)n1nc(C)nc1c2cn3CCOc4cc(ccc4c3n2)c5ccnn5[C@@H]6CCCN(C6)C(C)(C)CO,0.0108
CC(C)(O)c1ccc(cc1)S(=O)(=O)Nc2cc(cnc2Cl)c3ccc4nc(N)sc4c3,0.0109
COc1ccc2C3=NCCN3C(=Nc2c1OC)NC(=O)c4cccnc4,0.011
COc1ccc(cn1)C2=Cc3c(C)nc(N)nc3N([C@@H]4CC[C@H](O)C4)C2=O,0.011
COc1ccc(cn1)C2=Cc3c(C)nc(N)nc3N(CCC4CC4)C2=O,0.011
Cc1nc(N)nc2N(C3CCCC3)C(=O)C(=Cc12)c4cn[nH]c4,0.011
COc1ccc(cn1)C2=Cc3c(C)nc(N)nc3N(C(C)C)C2=O,0.011
CN(C)c1ncc(cc1C)C2=Cc3c(C)nc(N)nc3N(C4CCCC4)C2=O,0.011
Nc1ncc(cn1)c2cn3cc(nc3c(n2)N4CCOCC4)C(=O)NCCN5CCOCC5,0.011
CNc1ncc(cn1)c2nc(N3CCOCC3)c4nc(CN5CCN(CC5)S(=O)(=O)C)cn4c2Cl,0.011
CC(C)CS(=O)(=O)N1CCN(Cc2cn3cc(nc(N4CCOCC4)c3n2)c5cnc(N)nc5)CC1,0.011
CNc1nc2ccc(cc2s1)c3cnc(Cl)c(NS(=O)(=O)c4c(C)cccc4Cl)c3,0.0112
Nc1cc(c(cn1)c2nc(N3CCOCC3)c4nc5COCCn5c4n2)C(F)(F)F,0.0112
CC(C)n1nc(C)nc1c2cn3CCOc4cc(ccc4c3n2)c5cnn(C)c5C6CCCCN6CC(C)(C)O,0.0112
Cc1nc(N)nc2N([C@@H]3CC[C@H](CC3)OCC(=O)N)C(=O)C(=Cc12)c4cnc5ccccc5c4,0.0113
CC(C)N1CCC[C@H](C1)n2nccc2c3cc4c(OCCn5cc(nc45)c6nc(C)nn6C(C)C)cc3F,0.0114
CC(C)n1nc(C)nc1c2cn3CCOc4cc(ccc4c3n2)N5CCCC56CCCN(C)C6,0.011638533
Cc1nc(N)nc2N(C3CCC(=O)CC3)C(=O)C(=Cc12)c4cn[nH]c4,0.012
CN(C)c1ccc(cn1)C2=Cc3c(C)nc(N)nc3N([C@@H]4CC[C@H](O)CC4)C2=O,0.012
Cc1nc(N)nc2N(C3CCCC3)C(=O)C(=Cc12)c4cnn(CC(F)F)c4,0.012
COc1ccc(cn1)C2=Cc3c(C)nc(NCC(F)F)nc3N([C@@H]4CC[C@@H](O)CC4)C2=O,0.012
CNc1nc2ccc(cc2s1)c3cnc(Cl)c(NS(=O)(=O)c4ccc(cc4)C(=O)C)c3,0.012
CC(=O)Nc1nc2cc(ccc2[nH]1)c3cnc(Cl)c(NS(=O)(=O)c4ccc(F)cc4)c3,0.012
CCOC(=O)c1cn2cc(nc(N3CCOCC3)c2n1)c4cnc(N)nc4,0.012
O=S(=O)(Nc1cncc(c1)c2cnc3[nH]cc(c4cccnc4)c3c2)c5ccccc5,0.012
COC[C@@H]1CCN([C@@H]1C(=O)N)C(=O)Nc2nc(C)c(s2)c3ccnc(c3)C(C)(C)C(F)(F)F,0.012
CC(=O)NC[C@@H]1CCN([C@@H]1C(=O)N)C(=O)Nc2nc3CCc4cnc(nc4c3s2)C(C)(C)C,0.012
CC(O)c1ccc(cc1)S(=O)(=O)Nc2cncc(c2)c3ccc4nc(NC(=O)C)sc4c3,0.0121
CC(=O)Nc1nc2ccc(cc2s1)c3cnc(Cl)c(NS(=O)(=O)c4ccc(cc4)C(=O)C)c3,0.0123
C[C@H]1CCN([C@@H]1C(=O)N)C(=O)Nc2nc3CCc4sc(nc4c3s2)C(C)(C)C,0.0125
CC(C)S(=O)(=O)Nc1cc(cnc1Cl)c2ccc3nc(NC(=O)C)sc3c2,0.0127
CC(=O)Nc1nc2ccc(cc2s1)c3cnc(Cl)c(NS(=O)(=O)c4ccccc4)c3,0.0127
Nc1ncc(cn1)c2nc(N3CCOCC3)c4nc5n(CCOC5(CO)CO)c4n2,0.0128
CC(C)n1ncnc1c2cn3CCOc4cc(ncc4c3n2)N5CCCC5CN6CCCC6,0.0129
Oc1cccc(c1)c2nc(N3CCOCC3)c4cnccc4n2,0.013
CCS(=O)(=O)N1CCN(Cc2cn3cc(nc(N4CCOCC4)c3n2)c5cnc(N)nc5)CC1,0.013
Nc1ncc(cn1)c2cn3cc(nc3c(n2)N4CCOCC4)C(=O)NC5CCOCC5,0.013
CC(=O)NC[C@@H]1CCN([C@@H]1C(=O)N)C(=O)Nc2nc(C)c(s2)c3ccnc(c3)C(C)(C)C(F)(F)F,0.013
C[C@@H]1CCN([C@@H]1C(=O)N)C(=O)Nc2nc3CCc4sc(nc4c3s2)C(C)(C)C,0.013
Cc1nc(N)nc2N([C@@H]3CC[C@H](CC3)OCC(=O)N)C(=O)C(=Cc12)c4cn[nH]c4,0.0135
Nc1nc2ccc(cc2s1)c3cnc(Cl)c(NS(=O)(=O)c4ccc(Cl)cc4F)c3,0.0136
CC(=O)Nc1nc2ccc(cc2s1)c3cnc(Cl)c(NS(=O)(=O)c4ccc(cc4)C(C)(C)O)c3,0.0137
CC(C)n1ncnc1c2cn3CCOc4cc(ncc4c3n2)N5CCCC5C6CCN(C)CC6,0.0139
C[C@@H]1CN(C[C@H](C)O1)c2nc(nc3c2nc4n3CCOC4(C)C)c5cnc(N)nc5,0.01398
Cl.CN(N=Cc1cnc2ccc(cn12)C(F)(F)F)S(=O)(=O)c3cc(ccc3C)[N+](=O)[O-],0.014
Cc1nc(N)nc2N([C@@H]3CC[C@H](O)C3)C(=O)C(=Cc12)c4cn[nH]c4,0.014
Cc1nc(N)nc2N(CC3CCOC3)C(=O)C(=Cc12)c4cn[nH]c4,0.014
COc1cc(cnc1OC)c2ccc3nc(NC(=O)C)cn3n2,0.014
CC1(C)OCCn2c1nc3c(nc(nc23)c4cnc5[nH]ccc5c4)N6CCOCC6,0.014
CC(C)n1nc(C)nc1c2cn3CCOc4cc(ccc4c3n2)c5ccnn5C6CCCN(C6)C(C)(C)CO,0.0144
COc1ccc(cc1)S(=O)(=O)Nc2cc(cnc2C#N)c3ccc4nc(NC(=O)C)sc4c3,0.0145
Cc1nc(N)nc(n1)n2c(Nc3cccc4[nH]ncc34)nc5ccccc25,0.014555
Cc1nc(N)nc2N([C@@H]3CC[C@H](CC3)OCCO)C(=O)C(=Cc12)c4cc[nH]n4,0.0146
CNc1nc2ccc(cc2s1)c3cnc(Cl)c(NS(=O)(=O)c4ccccc4F)c3,0.0146
CC(C)n1nc(C)nc1c2cn3CCOc4cc(ccc4c3n2)N5CCCC5C6CCN(CC6)S(=O)(=O)C,0.014632
CN(c1nccc(n1)c2ccc3nc(NC(=O)C)sc3c2)S(=O)(=O)c4ccc(C)c(C)c4,0.0147
Cc1nc(N)nc2N([C@@H]3CC[C@@H](CC3)OCC(=O)N)C(=O)C(=Cc12)c4cn[nH]c4,0.0148
Nc1nc2ccc(cc2s1)c3cnc(Cl)c(NS(=O)(=O)c4ccc(F)cc4Cl)c3,0.0149
COc1ccc(cc1F)C2=Cc3c(C)nc(N)nc3N(C4CCCC4)C2=O,0.015
COc1ccc(cn1)C2=Cc3c(C)nc(N)nc3N(CC4CCOCC4)C2=O,0.015
Cc1nc(N)nc2N(C3CCCC3)C(=O)C(=Cc12)c4cnc(N)cn4,0.015
Cc1nc(N)nc2N(C3CCC3)C(=O)C(=Cc12)c4cn[nH]c4,0.015
COc1cc(ccc1OCCCN)c2ccc3nc(C)c(c4cnc(N)c(c4)C(F)(F)F)n3n2,0.015
COc1cc(ccc1OCCN(CC(=O)N(C)C)CC(=O)N(C)C)c2ccc3nc(C)c(c4cnc(N)c(c4)C(F)(F)F)n3n2,0.015
CC(=O)Nc1nc2ccc(nn2c1c3cccc(F)c3)c4cnc(Cl)c(NS(=O)(=O)C)c4.OC(=O)C(F)(F)F,0.015
C[C@@H]1CCN([C@@H]1C(=O)N)C(=O)Nc2nc(C)c(s2)c3csc(n3)C4(CC4)C(F)(F)F,0.015
CC(C)N1CCC(CC1)C2CCN2c3ccc4c(OCCn5cc(nc45)c6nc(C)nn6C(C)C)c3,0.015141
CC(C)N1CCCC(C1)c2[nH]ncc2c3ccc4c(OCCn5cc(nc45)c6nc(C)nn6C(C)C)c3,0.01518
CCCS(=O)(=O)Nc1cc(cnc1Cl)c2ccc3nc(NC(=O)C)sc3c2,0.0154
COc1ccc(cc1)S(=O)(=O)Nc2nccc(n2)c3ccc4nc(NC(=O)C)sc4c3,0.0155
CC(C)(C)c1nc2c(CCc3nc(NC(=O)N4CCC[C@H]4C(=O)N)sc23)s1,0.0155
CC(=O)Oc1cc(cnc1Cl)c2ccc3ncsc3c2,0.0156
Cl.Cl.C(CN1CCOCC1)Oc2cccc(c2)c3nc(N4CCOCC4)c5oc6ncccc6c5n3,0.016
CC(C)(N1CCN(CC1)S(=O)(=O)C)c2cn3cc(nc(N4CCOCC4)c3n2)c5cnc(N)nc5,0.016
COc1ccc(cc1OC)c2c[nH]c3ncc(cc23)c4cnc(N)c(c4)S(=O)(=O)N5CCOCC5,0.016
CN(C)C[C@]1(CCCN1C(=O)Nc2nc3CCc4cnc(nc4c3s2)C(C)(C)C)C(=O)N,0.016
COc1ccc(cc1)S(=O)(=O)Nc2cc(cnc2Cl)c3ccc4nc(NC(=O)C5CCCCC5)sc4c3,0.0163
COc1ccc(cc1)S(=O)(=O)c2cncc(n2)c3ccc4nc(NC(=O)C)sc4c3,0.0164
CC(=NNS(=O)(=O)c1cc(ccc1C)[N+](=O)[O-])c2cnc3ccc(Br)cn23,0.017
CNc1nc(C)c2C=C(C(=O)N(CC=C)c2n1)c3ccc(OC)nc3,0.017
Cc1nc(N)nc2N(C3CC3)C(=O)C(=Cc12)c4cnc5[nH]ccc5c4,0.017
CNc1nc(C)c2C=C(C(=O)Nc3ccccn3)C(=O)N(C4CCCC4)c2n1,0.017
CN(C)C[C@@H]1CCN([C@@H]1C(=O)N)C(=O)Nc2nc(C)c(s2)c3ccnc(c3)C(C)(C)C(F)(F)F,0.017
Nc1nc2ccc(cc2s1)c3cnc(Cl)c(NS(=O)(=O)c4ccc(F)cc4F)c3,0.0171
CC(C)n1nc(c2ccc3ncccc3c2)c4c(N)ncnc14,0.01725
Cc1nc(N)nc2N([C@@H]3CC[C@H](CC3)OCCO)C(=O)C(=Cc12)c4cnc5ccccc5c4,0.0176
Cc1nc(N)nc2N([C@@H]3CC[C@@H](CC3)OCC(=O)N)C(=O)C(=Cc12)c4cnc5ccccc5c4,0.0177
CC(=O)Nc1nc2ccc(cc2s1)c3oc(NS(=O)(=O)c4ccc(F)cc4)nn3,0.0178
Cc1nc(N)nc2N([C@@H]3CC[C@@H](O)CC3)C(=O)C(=Cc12)c4cnn(C)c4,0.018
Cc1nc(N)nc2N(C3CCC(C)(O)CC3)C(=O)C(=Cc12)c4cn[nH]c4,0.018
COc1ccc(cn1)C2=Cc3c(C)nc(N)nc3N(CC4(F)CCOCC4)C2=O,0.018
CC(=O)c1ccc(cc1)S(=O)(=O)Nc2cc(cnc2Cl)c3ccc4nc(N)sc4c3,0.018
COC(=O)c1ccc(cc1OC)c2cnc3sc(nn23)c4cnc(N)c(c4)C(F)(F)F,0.018
CC(=O)NC[C@@H]1CCN([C@@H]1C(=O)N)C(=O)Nc2nc(C)c(s2)c3ccnc(c3)C4(C)CC4,0.018
CN(Cc1cccc(F)c1)C[C@]2(CCCN2C(=O)Nc3nc4CCc5cnc(nc5c4s3)C(C)(C)C)C(=O)N,0.018
Cc1nc(N)nc2N(C3CCOCC3)C(=O)C(=Cc12)c4cn[nH]c4,0.0185
CC1(C)OCCn2c1nc3c(nc(nc23)c4ccc(N)nc4)N5CCOCC5,0.0186
CCN1CCC(CC1)C2CCCN2c3ccc4c(OCCn5cc(nc45)c6nc(C)nn6C(C)C)c3,0.0189
Oc1cccc(c1)c2nc(N3CCOCC3)c4ccncc4n2,0.019
Cc1nc(N)nc2N([C@@H]3CC[C@@H](O)CC3)C(=O)C(=Cc12)c4ccc(nc4)N5CCCC5,0.019
COc1cc(ccc1OCCCNC(=O)C(C)C)c2ccc3nc(C)c(c4cnc(N)c(c4)C(F)(F)F)n3n2,0.019
CC(=O)Nc1cn2cc(ccc2n1)c3cncc(NS(=O)(=O)C4CC4)c3.OC(=O)C(F)(F)F,0.019
CC(=O)Nc1nc2ccc(cc2s1)c3cncc(n3)S(=O)(=O)c4ccccc4F,0.0191
CC(=O)Nc1nc2ccc(cc2s1)c3cnc(Cl)c(OC(F)F)c3,0.0195
CC(=O)NC(C)(C)c1ccc(cc1)S(=O)(=O)Nc2cc(cnc2Cl)c3ccc4nc(N)sc4c3,0.0196
CC(=O)Nc1nc2ccc(cc2s1)c3ccnc(Sc4ccc(C)cc4C)n3,0.0196
CC1(C)OCCn2c1nc3c(nc(nc23)c4cccc5[nH]ncc45)N6CCOCC6,0.0198
CN(C)c1cc(cnc1Cl)c2ccc3nc(NC(=O)C)sc3c2,0.0199
Cc1cc(F)ccc1Oc2cccc3C(=O)C=C(Nc23)N4CCOCC4,0.02
Cl.OCc1ccc(cc1S(=O)c2nc(cs2)c3cnc4ccc(Cl)cn34)[N+](=O)[O-],0.02
Cc1nc(N)nc2N(C3CCOC3)C(=O)C(=Cc12)c4cn[nH]c4,0.02
Cc1nc(N)nc2N(C3CCCC3)C(=O)C(=Cc12)c4cncc(N)n4,0.02
COc1cccc(c1)S(=O)(=O)Nc2nccc(n2)c3ccc4nc(NC(=O)C)sc4c3,0.0201
CC(C)N1CCC(CC1)[C@@H]2CCCN2c3ccc4c(OCCn5cc(nc45)c6nc(C)nn6C(C)C)c3,0.0203
CC(C)N1CCC[C@@H](C1)c2c(cnn2C)c3ccc4c(OCCn5cc(nc45)c6nc(C)nn6C(C)C)c3,0.0207
Cc1ccc(cc1S(=O)(=O)NN=Cc2cnc3ccc(Br)cn23)[N+](=O)[O-],0.021
COc1ccc(cn1)C2=Cc3c(C)nc(N)nc3N(CC4CCCO4)C2=O,0.021
Cc1csc2c(nc(nc12)c3cccc(O)c3)N4CCOCC4,0.021
COc1cncc(c1)c2nn3c(cnc3s2)c4cnc(N)c(c4)C(F)(F)F,0.021
Cc1ncc(cn1)c2cn3cc(CN4CCN(CC4)S(=O)(=O)C)nc3c(n2)N5CCOCC5,0.021
CC(=O)Nc1nc2ccc(cc2s1)c3cnc(Cl)c(NS(=O)(=O)c4ccsc4)c3,0.0211
CN1CCn2c(nc3c(nc(nc23)c4cnc(N)nc4)N5CCOCC5)C1=O,0.0215
CCc1ccc(cc1)S(=O)(=O)Nc2nccc(n2)c3ccc4nc(NC(=O)C)sc4c3,0.0218
CC(C)N1CCC(CC1)[C@H]2CCCN2c3ccc4c(OCCn5cc(nc45)c6nc(C)nn6C(C)C)c3,0.0219
Cc1nc(N)nc2N(CC3CCCO3)C(=O)C(=Cc12)c4cn[nH]c4,0.022
CC(C)n1nc(C)nc1c2cn3CCOc4cc(ccc4c3n2)N5CCC[C@@H]5CN6CCCC6,0.022
Cc1nc(N)nc2N([C@@H]3CC[C@H](CC3)OCCO)C(=O)C(=Cc12)c4cnn(C)c4,0.0223
Fc1ccc(cc1)S(=O)(=O)Nc2cc(cnc2Cl)c3ccc4ncoc4c3,0.0223
Fc1ccc(CN2C(=O)COc3ccc(\C=C/4\SC(=S)NC4=O)cc23)cc1Cl,0.023
COc1ccc(cn1)C2=Cc3c(C)nc(N)nc3N(N4CCCC4)C2=O,0.023
CNc1nc(C)c2C=C(C(=O)N(C3CCCC3)c2n1)c4cncnc4,0.023
CC(C)(C)c1nc2c(CCc3nc(NC(=O)N4CC[C@H]4C(=O)N)sc23)s1,0.023
CC(=O)Nc1nc2ccc(cc2s1)c3ccnc(Sc4cc(C)ccc4C)n3,0.0235
[2H]C([2H])([2H])N(C[C@]1(CCCN1C(=O)Nc2nc3CCc4cnc(nc4c3s2)C(C)(C)C)C(=O)N)C([2H])([2H])[2H],0.0235
CCN(CC)c1ncc2CCc3nc(NC(=O)N4C[C@H](C[C@H]4C(=O)N)N(C)C)sc3c2n1,0.0235
Cl.OC(=O)COc1cccc(c1)c2nc(N3CCOCC3)c4oc5ncccc5c4n2,0.024
COc1ccc(cn1)C2=Cc3c(C)nc(N)nc3N([C@@H]4CC[C@@H](O)CC4)C2=O,0.024
CNc1nc(C)c2C=C(C(=O)N(C3CCCC3)c2n1)c4cnn(CCO)c4,0.024
CC(C)(C)c1nc2c(CCc3nc(NC(=O)N4CC[C@@H](CN5CCOCC5)[C@H]4C(=O)N)sc23)s1,0.024
CC(C)n1nc(C)nc1c2cn3CCOc4cc(C)c(cc4c3n2)[C@H](C)N5CCN(CC5)C(C)(C)C,0.0241
COc1ncc(cc1N(C)C)c2ccc3nc(NC(=O)C)sc3c2,0.0247
CC(C)n1ncnc1c2cn3CCOc4ccc(cc4c3n2)C(=O)N5CCN(CC5)C(C)(C)C,0.0249
Cc1nccn1c2nc(nc(n2)c3cnc(N)nc3)N4CCOCC4,0.025
CC(=O)Nc1nc2ccc(cc2s1)c3ccnc(Sc4ccccc4Cl)n3,0.0254
Cl.Oc1ccc(cc1)c2nc(N3CCOCC3)c4oc5ncccc5c4n2,0.026
CC(C)n1nc(C)nc1c2cn3CCOc4cc(ccc4c3n2)N5CCC5C6CCN(C)CC6,0.026233333
COc1ccc(cc1OC)c2nn(C3CCC3)c4ncnc(N)c24,0.0265
Oc1cccc(c1)c2nc(N3CCOCC3)c4ncccc4n2,0.027
COc1ccc(cn1)C2=Cc3c(C)nc(N)nc3N(C4CCN(C4)C(=O)OC(C)(C)C)C2=O,0.027
Fc1ccc(c(F)c1)S(=O)(=O)Nc2cncc(c2)c3cnc4[nH]cc(c5cccc(c5)C#N)c4c3,0.027
C[C@@H]1CCN([C@@H]1C(=O)N)C(=O)Nc2nc(C)c(s2)c3ccnc(c3)C(C)(C)C(F)(F)F,0.027
COc1ccc(cc1)S(=O)(=O)N(C)c2cncc(n2)c3ccc4nc(NC(=O)C)sc4c3,0.0271
CN(c1cncc(n1)c2ccc3nc(NC(=O)C)sc3c2)S(=O)(=O)c4ccc(C)cc4,0.0278
Cc1nc(N)nc2N(N3CCCC3)C(=O)C(=Cc12)c4cn[nH]c4,0.028
COc1cc(ccc1OCCNC(=O)Nc2cccnc2)c3ccc4nc(C)c(c5cnc(N)c(c5)C(F)(F)F)n4n3,0.028
CS(=O)(=O)Nc1cccc(c1)c2nn3c(cnc3s2)c4cnc(N)c(c4)C(F)(F)F,0.028
C[C@@H]1CN(C[C@H](C)N1Cc2cn3cc(nc(N4CCOCC4)c3n2)c5cnc(N)nc5)C(=O)OC(C)(C)C,0.028
CC(C)N1CCCC(C1)c2nn(C)cc2c3ccc4c(OCCn5cc(nc45)c6nc(C)nn6C(C)C)c3,0.028449
COc1ccc(cn1)C2=Cc3c(C)nc(N)nc3N(C4CN(C4)C(=O)OC(C)(C)C)C2=O,0.029
CC(C)N1C(=O)C(=Cc2c(C)nc(N)nc12)c3cn[nH]c3,0.0294
CN(c1nccc(n1)c2ccc3nc(NC(=O)C)sc3c2)S(=O)(=O)c4ccc(cc4)C(C)(C)C,0.0295
Cc1nc(N)nc2N([C@@H]3CC[C@@H](CC3)OCCO)C(=O)C(=Cc12)c4cn[nH]c4,0.0297
CNc1nc(C)c2C=C(C(=O)N(C3CCCC3)c2n1)c4ccc(Cl)nc4,0.0297
COc1ccc(Sc2ncc(s2)c3ccc4nc(NC(=O)C)sc4c3)cc1,0.0299
COc1ccc(cn1)C2=Cc3c(C)nc(N)nc3N(CC(C)(C)F)C2=O,0.03
COc1cc(ccc1OCCNC(=O)C(C)C)c2ccc3nc(C)c(c4cnc(N)c(c4)C(F)(F)F)n3n2,0.03
COc1ncc2cc1NS(=O)(=O)c3cc(C(=O)NCc4cncc(c4)c5ccnc6ccc2cc56)c(F)cc3F,0.03
Cl.Cc1ccc(cc1S(=O)c2nc(cs2)c3cnc4ccc(Cl)cn34)[N+](=O)[O-],0.031
CO[C@@H]1CC[C@H](CC1)N2C(=O)C(=Cc3c(C)nc(N)nc23)Br,0.031
COc1cc(ccc1OCCCN2CCNC2=O)c3ccc4nc(C)c(c5cnc(N)c(c5)C(F)(F)F)n4n3,0.031
COc1cc(ccc1OCCN2CCNC2=O)c3ccc4nc(C)c(c5cnc(N)c(c5)C(F)(F)F)n4n3,0.031
O=S(=O)(Nc1cncc(c1)c2cnc3[nH]cc(c4cccc(c4)C#N)c3c2)c5ccccc5,0.031
COCCCNC(=O)c1cn2cc(nc(N3CCOCC3)c2n1)c4cccc5[nH]ncc45,0.031
OC(=O)\C=C\c1coc2ccc(\C=C\3/SC(=O)NC3=O)cc12,0.032
Cc1nc(N)nc2N(C3CCCC3)C(=O)C(=Cc12)c4cnn(C)c4,0.032
Nc1ncc(cn1)c2cn3cc(nc3c(n2)N4CCOCC4)C(F)(F)F,0.032
Cc1nc(N)ncc1c2cn3cc(CN4CCN(CC4)S(=O)(=O)C)nc3c(n2)N5CCOCC5,0.032
CC(C)N1CC(C)CC(C1)Oc2ccc3c(OCCn4cc(nc34)c5nc(C)nn5C(C)C)c2,0.032768
CN(c1cccc(n1)c2ccc3nc(NC(=O)C)sc3c2)S(=O)(=O)c4ccc(C)cc4,0.0329
CC(=O)Nc1nc2ccc(nn2c1I)c3cnc(Cl)c(NS(=O)(=O)C)c3,0.033
COc1ccc(cc1OC)c2nn3c(cnc3s2)c4cnc(N)c(c4)C#N,0.033
CC(C)n1nc(C)nc1c2cn3CCOc4cc(F)c(cc4c3n2)c5ccnn5[C@@H]6CCCN(C6)C(C)(C)CO,0.03335
CC(C)N1CCC(CC1)n2nccc2c3ccc4c(OCCn5cc(nc45)c6nc(C)nn6C(C)C)c3,0.03339
CC(=O)Nc1nc2ccc(cc2s1)c3ccnc(Sc4ccc(C)c(C)c4)n3,0.0339
CN(C)CC(=O)N1CCN(Cc2cn3cc(nc(N4CCOCC4)c3n2)c5cnc(N)nc5)CC1,0.034
CC(=O)Nc1nc2ccc(cc2s1)c3ccnc(NS(=O)(=O)c4ccc(C)cc4)n3,0.0343
CN(C)c1cc(cnc1Cl)c2ccc3nc(NC(=O)Oc4ccccc4)sc3c2,0.0346
Cn1nc(c2ccc3ncccc3c2)c4c(N)ncnc14,0.035
CN(C)CCCNC(=O)c1cn2cc(nc(N3CCOCC3)c2n1)c4cccc5[nH]ncc45,0.035
CC(=O)Nc1nc2ccc(cc2s1)c3ccnc(NS(=O)(=O)c4ccc(C)cc4)c3,0.0351
CC1(C)OCCn2c1nc3c(nc(nc23)c4cncc(c4)C(=O)N)N5CCOCC5,0.0352
Cc1nc(N)nc2N([C@@H]3CC[C@@H](O)C3)C(=O)C(=Cc12)c4cnn(C)c4,0.036
CC(=O)Nc1nc2ccc(cc2s1)c3ccnc(NS(=O)(=O)c4ccccc4F)n3,0.0365
CC(C)n1nc(C)nc1c2cn3CCOc4cc(F)c(cc4c3n2)c5ccnn5[C@@H]6CCCN(C6)C7COC7,0.036686
CC(=O)Nc1cn2cc(ccc2n1)c3cncc(NS(=O)(=O)C)c3.OC(=O)C(F)(F)F,0.037
CS(=O)(=O)N1CCN(Cc2cn3cc(nc(N4CCOCC4)c3n2)c5cccc(O)c5)CC1,0.037
Cc1nc(N)nc2N(C3CN(C3)C(=O)OC(C)(C)C)C(=O)C(=Cc12)c4cnc5[nH]ccc5c4,0.038
COc1cc(ccc1OCCNC(=O)c2cccnc2)c3ccc4nc(C)c(c5cnc(N)c(c5)C(F)(F)F)n4n3,0.038
O=C(NCCN1CCOCC1)c2cn3cc(nc(N4CCOCC4)c3n2)c5cccc6[nH]ncc56,0.038
Cc1nc(NC(=O)N2CC[C@@H](CN3CCOCC3)[C@H]2C(=O)N)sc1c4ccnc(c4)C5(C)CC5,0.038
CC(=O)Nc1nc2ccc(cc2s1)c3ccnc(Sc4c(C)cccc4C)n3,0.0383
CC(C)n1nc(CO)nc1c2cn3CCOc4cc(ccc4c3n2)c5ccnn5C6CCN(C)CC6,0.038478
CC(C)n1nc(N)nc1c2cn3CCOc4cc(ccc4c3n2)c5ccnn5C6CCN(C)CC6,0.0385
CC(=O)Nc1nc(C)c(s1)c2ccc(Cl)c(c2)S(=O)(=O)NCCO,0.039
CNc1nc(C)c2C=C(C(=O)N(C3CCCC3)c2n1)c4cnn(C)c4,0.039
CC(=O)Nc1nc2ccc(cc2s1)c3cncc(Sc4ccccc4F)n3,0.039
COc1cc(ccc1OCCN)c2ccc3nc(C)c(c4cnc(N)c(c4)C(F)(F)F)n3n2,0.039
Cc1nc(N)nc2N(C3CCCC3)C(=O)C(=Cc12)c4ccc(Cl)nc4,0.0391
COc1ccc(cc1)S(=O)(=O)N(C)c2nccc(n2)c3ccc4nc(NC(=O)C)sc4c3,0.0393
COc1ccc(Sc2nccc(n2)c3ccc4nc(NC(=O)C)sc4c3)c(C)c1,0.04
COCCOCCOCCOc1ccc(cc1OC)c2ccc3nc(C)c(c4cnc(N)c(c4)C(F)(F)F)n3n2,0.04
COc1ncc(cc1NS(=O)(=O)c2ccc(F)cc2F)c3ccc4nccc(c5ccnnc5)c4c3,0.04
COc1ccc(cc1)S(=O)(=O)Nc2nccc(n2)c3cc(F)c4nc(NC(=O)C)sc4c3,0.0413
CC(C)Nc1cc(cnc1Cl)c2ccc3nc(NC(=O)C)sc3c2,0.0414
COc1ccc(Sc2cncc(n2)c3ccc4nc(NC(=O)C)sc4c3)cc1,0.0415
CC(=O)Nc1nc2ccc(cc2s1)c3ccnc(NS(=O)(=O)c4ccc(F)cc4)n3,0.0416
CCNC(=O)Nc1ccc(cc1)c2nc(N3CCOCC3)c4nc5n(CCOC5(C)C)c4n2,0.0417
CNc1nc(C)c2C=C(\C=C\O)C(=O)N(C3CCCC3)c2n1,0.042
COc1ccc(cc1OC)c2ccc3nc(C)c(c4ccc(O)nc4)n3n2,0.042
CC(=O)Nc1nc2ccc(cc2s1)c3ccnc(Sc4ccccc4C)n3,0.0427
Cc1nc(NC(=O)N2CC[C@@H](O)[C@H]2C(=O)N)sc1c3csc(n3)C4(CC4)C(F)(F)F,0.043
CC(C)n1nc(C)nc1c2cn3CCOc4cc(ccc4c3n2)c5ccnn5[C@H]6CCCN(C6)C(C)(C)CO,0.043014
CN(c1nccc(n1)c2ccc3nc(NC(=O)C)sc3c2)S(=O)(=O)c4ccc(C)cc4,0.0432
Cc1nc(N)nc2N([C@@H]3CC[C@@H](O)CC3)C(=O)C(=Cc12)Br,0.044
CN1CCN(Cc2cc3nc(nc(N4CCOCC4)c3s2)c5cccc6[nH]ncc56)CC1,0.044
COc1ccc(cc1OC)c2ccc3nc(C)c(c4ccc(nc4)C#N)n3n2,0.044
COc1ccc(cc1OC)c2ccc3nc(NC(=O)C)cn3n2,0.044
CS(=O)(=O)N1CCN(CC1)C(=O)c2cn3cc(nc(N4CCOCC4)c3n2)c5cccc(O)c5,0.044
CC(C)Oc1cc(cnc1Cl)c2ccc3nc(NC(=O)C)sc3c2,0.0441
CC(C)n1nc(C)nc1c2cn3CCOc4cc(ccc4c3n2)c5ccnn5C6CCCN(C6)C7(C)COC7,0.044341
CC(C)n1nc(C)nc1c2cn3CCOc4cc(ccc4c3n2)c5ccnn5C6CCN(CC6)C(C)(C)C,0.044786
Cc1nc(N)nc2N(C3CCCC3)C(=O)C(=Cc12)c4cnn(CCO)c4,0.045
COc1ncc(cn1)C2=Cc3c(C)nc(N)nc3N(C4CCOCC4)C2=O,0.045
CCN(CC)c1ncc2CCc3nc(NC(=O)N4CCC[C@@]4(Cc5ccccc5)C(=O)N)sc3c2n1,0.045
FC(F)(F)C1OCCn2c1nc3c(nc(nc23)c4cccc5[nH]ncc45)N6CCOCC6,0.0452
Nc1ccc(cn1)c2nc(N3CCOCC3)c4nc5C(OCCn5c4n2)C(F)(F)F,0.0452
CC(C)n1nc(c2ccc(Br)c(O)c2)c3c(N)ncnc13,0.046
CNc1nc(C)c2C=C(C(=O)N(C3CCCC3)c2n1)c4cnn(CC(F)F)c4,0.046
COc1cccc(c1)S(=O)(=O)c2cccc(n2)c3ccc4nc(NC(=O)C)sc4c3,0.0465
CC(=O)Nc1nc2ccc(cc2s1)c3ccnc(Sc4ccccc4Br)n3,0.047
Cc1nc(N)nc2N([C@@H]3CC[C@H](CC3)OCC(=O)N)C(=O)C(=Cc12)c4cnn(C)c4,0.0479
CNc1nc(C)c2C=C(Br)C(=O)N(CC3CCOC3)c2n1,0.048
CC(C)C(=O)NC1(COc2ccc(cc2)c3ccc4nc(C)c(c5cnc(N)c(c5)C(F)(F)F)n4n3)COC1,0.049
CC(=O)Nc1nc2ccc(cc2n1c3ccccn3)c4cnc(Cl)c(NS(=O)(=O)c5ccc(F)cc5)c4,0.049
CC(=O)Nc1ccc(cn1)c2nc(N3CCOCC3)c4nc5n(CCOC5(C)C)c4n2,0.049
CC(C)n1nc(C)nc1c2cn3CCOc4cc(F)c(cc4c3n2)C(C)N5CCN(C)CC5,0.049141
CC1=CN2C(=O)C=C(N=C2C(=C1)NCc3ccccc3)N4CCOCC4,0.05
CN1CCN(CCCS(=O)(=O)Nc2cc(cnc2Cl)c3sc(NC(=O)C)nc3C)CC1.OC(=O)C(F)(F)F.OC(=O)C(F)(F)F,0.05
CS(=O)(=O)c1cccc(c1)c2nn3c(cnc3s2)c4cnc(N)c(c4)C(F)(F)F,0.05
Nc1ncc(cn1)c2cn3cc(nc3c(n2)N4CCOCC4)C5CC5,0.05
CN(C)CCNC(=O)c1cn2cc(nc(N3CCOCC3)c2n1)c4cccc5[nH]ncc45,0.05
COc1ncc2cc1NS(=O)(=O)c3cccc(c3)C(=O)N4CCc5ccc(cc5C4)c6ccnc7ccc2cc67,0.05
Nc1ccc(cn1)c2nc(N3CCOCC3)c4nc5CCCCn5c4n2,0.0507
COc1ccc(cc1OC)c2ccc3nc(C)c(c4ccnc(n4)N(C)CCN(C)C)n3n2,0.051
COCC(=O)Nc1nc2ccc(cc2s1)c3cnc(Cl)c(c3)N(C)C,0.0515
CN(C)[C@@H]1C[C@H](N(C1)C(=O)Nc2nc3CCc4sc(nc4c3s2)C(C)(C)C)C(=O)N,0.0515
CC(C)n1nc(C)nc1c2cn3CCOc4cc(ccc4c3n2)c5cnn(C)c5C6CCCN(C6)C(C)(C)CO,0.0517
Nc1ncnc2c1c(nn2C3CCCC3)c4cnc5[nH]ccc5c4,0.052
CC(C)n1nc(C)nc1c2cn3CCOc4cc(C)c(cc4c3n2)[C@@H](C)N5CCN(CC5)C(C)(C)C,0.0522
CNC(=O)Nc1ccc(Nc2nc3ccccc3n2c4nc(C)nc(NCC#N)n4)cc1,0.05282
Cc1nc(N)nc2N([C@@H]3CC[C@@H](CC3)OCCO)C(=O)C(=Cc12)c4cnc5ccccc5c4,0.0529
Cc1nccn1c2nc(nc(n2)c3cccc(O)c3)N4CCOCC4,0.053
Cc1nc(NC(=O)N2CCC(C)(C)C2C(=O)N)sc1c3ccnc(c3)C4(C)CC4,0.053
CNc1nc(C)nc(n1)n2c(Nc3ccc(NC(=O)C)cc3)nc4ccccc24,0.053064
COc1ccc(Sc2nccc(n2)c3ccc4nc(NC(=O)C)sc4c3)cc1,0.0535
CN(c1cncc(c1)c2ccc3nc(NC(=O)C)sc3c2)S(=O)(=O)c4ccc(cc4)C(C)(C)C,0.0535
CC(C)n1ncnc1c2cn3CCOc4ccc(CN5CCN(CC5)C(C)(C)C)cc4c3n2,0.053628
CCOc1cc(cnc1Cl)c2ccc3nc(NC(=O)C)sc3c2,0.0538
CCNc1nc(C)c2C=C(CCC(=O)O)C(=O)N(C3CCCC3)c2n1,0.054
CC(=O)Nc1nc2ccc(cc2s1)c3cncc(OCc4ccccc4)n3,0.0542
Cc1nc(N)nc2N([C@@H]3CC[C@H](O)C3)C(=O)C(=Cc12)c4cnn(C)c4,0.055
CC(=O)Nc1cn2nc(ccc2n1)c3cccc(NS(=O)(=O)c4ccc(C)cc4)c3,0.055
Cc1nc(N)nc2N([C@@H]3CC[C@H](CC3)OCCO)C(=O)C(=Cc12)Br,0.0552
CC(C)N1CCOC(C1)c2c(cnn2C)c3ccc4c(OCCn5cc(nc45)c6nc(C)nn6C(C)C)c3,0.055550667
Oc1cccc(c1)c2nc(N3CCOCC3)c4ccccc4n2,0.056
COc1ccc(cn1)C2=Cc3c(C)nc(N)nc3N(C4CC4)C2=O,0.056
CC(=O)Nc1nc2ccc(cc2s1)c3ccnc(Sc4cccc(C)c4)n3,0.0576
CC(C)N1CCCC(C1)c2c(cnn2C)c3ccc4c(OCCn5cc(nc45)c6nc(C)nn6C(C)C)c3,0.0577
CCOc1ccc(cc1OC)c2ccc3nc(C)c(c4ccc(nc4)c5ccc(nc5)C#N)n3n2,0.058
COCCNC(=O)c1cn2cc(nc(N3CCOCC3)c2n1)c4cccc5[nH]ncc45,0.058
CNc1nc(C)nc(n1)n2c(Nc3cc[nH]n3)nc4ccc(cc24)c5cncnc5,0.058085
Cc1nc(N)nc2N([C@@H]3CC[C@@H](CC3)OCC(=O)N)C(=O)C(=Cc12)c4cnn(C)c4,0.0581
CC(=O)Nc1nc2ccc(nc2s1)c3cccc(NS(=O)(=O)c4ccc(C)cc4)c3,0.0586
CC(C)N1CCC[C@H](C1)c2c(cnn2C)c3ccc4c(OCCn5cc(nc45)c6nc(C)nn6C(C)C)c3,0.0588
COc1ccc(cc1)S(=O)(=O)Nc2cc(cnc2Cl)c3ccc4nc(NC(C)C)sc4c3,0.0589
CN(C)c1cc(cnc1Cl)c2ccc3nc(NC(=O)COc4ccccc4)sc3c2,0.0589
Cc1nc2ccc(nn2c1c3cnc(N)c(c3)C(F)(F)F)c4ccc(OCC5(COC5)NC(=O)C(F)(F)F)cc4,0.059
COc1ccc(cc1OC)c2ccc3nc(C)c(c4cccnc4)n3n2,0.059
CC(=O)Nc1nc2ccc(cc2s1)c3ccnc(Sc4ccc(C)cc4)n3,0.0595
CC(C)N1CCN(CC1)[C@@H](C)c2cc3c(OCCn4cc(nc34)c5nc(C)nn5C(C)C)cc2F,0.059856
CNc1nc(C)c2C=C(C#N)C(=O)N(C3CCCC3)c2n1,0.06
CSc1cncc(c1)c2ccc3nc(NC(=O)C)cn3n2,0.06
CC(=O)Nc1nc2ccc(cc2s1)c3cccc(NS(=O)(=O)c4ccccc4F)n3,0.0606
CC(=O)Nc1nc2ccc(cc2s1)c3ccnc(NS(=O)(=O)c4cccnc4)n3,0.0606
CCN(CC)C1CCOC(C1)c2c(cnn2C)c3ccc4c(OCCn5cc(nc45)c6nc(C)nn6C(C)C)c3,0.061689667
CC(C)N1C(=O)C(=Cc2c(C)nc(N)nc12)c3c[nH]nn3,0.062
CC(=O)Nc1cn2nc(ccc2n1)c3cccc(NS(=O)(=O)c4cccc5ccccc45)c3.OC(=O)C(F)(F)F,0.062
Cc1ccc(cn1)c2nn3c(cnc3s2)c4cnc(N)c(c4)C(F)(F)F,0.062
Oc1cccc(c1)c2nc(cc(n2)c3ccccn3)N4CCOCC4,0.062
CC(C)n1nc(C)nc1c2cn3CCOc4cc(ccc4c3n2)N5CCCC5C6CCN(CC(C)(C)O)CC6,0.062
CC(=O)Nc1nc2ccc(cc2s1)c3ccnc(Sc4ccccc4F)n3,0.0623
CC(C)N1CCCC(C1)c2c(cnn2C)c3cc4c(OCCn5cc(nc45)c6nc(C)nn6C(C)C)cc3F,0.062338
COc1cc(ccc1OC2CCNCC2)c3ccc4nc(C)c(c5cnc(N)c(c5)C(F)(F)F)n4n3,0.063
COc1ccc(cc1OC)c2nn3c(cnc3s2)c4ccc(nc4)C#N,0.063
Nc1cn2cc(ccc2n1)c3cnc(Cl)c(NS(=O)(=O)c4ccc(F)cc4)c3,0.064
CN(c1cccc(n1)c2ccc3nc(NC(=O)C)sc3c2)S(=O)(=O)c4cccc(C)c4,0.0647
CC(=O)Nc1nc2c(F)cc(cc2s1)c3cccc(n3)S(=O)(=O)c4ccccc4F,0.065
CNc1nc(C)c2C=C(C(=O)N(C(C)C)c2n1)c3ccc(OC)nc3,0.0655
CC(=O)Nc1nc2ccc(cc2s1)c3ccnc(NC(C)(C)c4ccccc4)n3,0.0659
CC(=O)Nc1nc2ccc(cc2s1)c3ccnc(SCc4ccccc4)n3,0.0668
CNc1nc(C)c2C=C(C(=O)N(C3CCCC3)c2n1)c4c[nH]c(C)n4,0.067
COc1ccc(cc1)S(=O)(=O)Nc2cc(ccn2)c3ccc4nc(NC(=O)C)sc4c3,0.0671
COc1ccc(cc1O)c2nn(C3CCCC3)c4ncnc(N)c24,0.068
CNc1nc(C)c2C=C(C(=O)N)C(=O)N(C3CCCC3)c2n1,0.068
CC(C)n1nc(c2ccc3cn[nH]c3c2)c4c(N)ncnc14,0.069
CC(C)n1nc(C)nc1c2cn3CCOc4cc(ccc4c3n2)c5cnn(C)c5C6CC(CCO6)N(C)C,0.06903
CC(C)n1nc(C)nc1c2cn3CCOc4cc(OC5(CC6CC6)CNC5)ccc4c3n2,0.06931
NC(=O)[C@@H]1CCCN1C(=O)Nc2nc3CCc4sc(CC5CC5)nc4c3s2,0.0695
CC(=O)Nc1nc2ccc(cc2s1)c3ccnc(Sc4ccc(Cl)cc4)n3,0.0699
Nc1ncnc2c1c(nn2C3CCCC3)c4ccc5ncccc5c4,0.07
Cn1nc(c2ccc(Br)c(O)c2)c3c(N)ncnc13,0.07
O=C(CN1CCOCC1)Nc2ccc(cc2OCC3CC3)c4cccc5C(=O)C=C(Oc45)N6CCOCC6,0.07
CC(C)N1CC(CC2CC2)(C1)Oc3ccc4c(OCCn5cc(nc45)c6nc(C)nn6C(C)C)c3,0.0707
CN(c1nccc(n1)c2ccc3nc(NC(=O)C)sc3c2)S(=O)(=O)c4ccc(C)cc4C,0.0722
CC(C)N1CCCC2(CCCN2c3ccc4c(OCCn5cc(nc45)c6nc(C)nn6C(C)C)c3)C1,0.072808
COc1cc2OCCn3cc(nc3c2cc1[C@@H](C)N4CCN(CC4)C(C)(C)C)c5nc(C)nn5C(C)C,0.0728595
COc1ccncc1c2ccc3nc(NC(=O)C)sc3c2,0.0735
COc1ccc(cn1)c2ccc3nc(NC(=O)C)sc3c2,0.0739
CN(c1nccc(n1)c2ccc3nc(NC(=O)C)sc3c2)S(=O)(=O)c4ccc5ccccc5c4,0.074
Oc1cccc(c1)c2nc(N3CCOCC3)c4cc(O)ccc4n2,0.075
COc1cc(ccc1OCCCN2CCCC2=O)c3ccc4nc(C)c(c5cnc(N)c(c5)C(F)(F)F)n4n3,0.075
CSc1nccc(n1)c2ccc3nc(NC(=O)C)sc3c2,0.0758
Nc1ncnc2c1c(nn2C3CCC3)c4ccc(Br)c(O)c4,0.076
CC(C)n1nc(C)nc1c2cn3CCOc4cc(C)c(cc4c3n2)C(C)N5CCN(CC(C)(C)O)CC5,0.076201
COc1cc2OCCn3cc(nc3c2cc1[C@H](C)N4CCN(CC4)C(C)(C)C)c5nc(C)nn5C(C)C,0.076455
CC(=O)Nc1cn2nc(ccc2n1)c3ccnc(Sc4ccccc4F)c3,0.077
Nc1ncc(cn1)c2cn3cc(CN4CCNCC4)nc3c(n2)N5CCOCC5,0.077
CC(=O)Nc1nc2ccc(cc2s1)c3ccnc(NS(=O)(=O)c4cccc(F)c4)n3,0.0773
Nc1ncc(cn1)c2nc(N3CCOCC3)c4OC[C@@H]5CCCN5c4n2,0.0779
Cc1nc(N)nc2N(C3CC3)C(=O)C(=Cc12)c4cn[nH]c4,0.078
CC(=O)Nc1nc2ccc(cc2s1)c3ccnc(Sc4ccccc4)n3,0.0781
Cl.Cl.C(CN1CCSCC1)Oc2cccc(c2)c3nc(N4CCOCC4)c5oc6ncccc6c5n3,0.079
CN(c1cncc(c1)c2ccc3nc(NC(=O)C)sc3c2)S(=O)(=O)c4ccc(Cl)c(Cl)c4,0.0792
Oc1cccc(c1)c2nc(N3CCOCC3)c4nc5C(OCCn5c4n2)C(F)(F)F,0.0797
COc1ccc(cc1OC)c2nn(C(C)C)c3ncnc(N)c23,0.08
CC(C)n1nc(c2ccc3N=CNC(=O)c3c2)c4c(N)ncnc14,0.08
CC(C)n1nc(C)nc1c2cn3CCOc4cnc(cc4c3n2)[C@@H](C)N5CCN(CC5)C(C)(C)C,0.080366
CC(=O)Nc1nc2ccc(cc2s1)c3ccnc(Sc4ccc(Br)cc4)n3,0.0807
CC(C)n1nc(N)nc1c2cn3CCOc4cc(ccc4c3n2)c5ccnn5C6CCN(CC6)C(C)(C)C,0.080912
CN(N=C(C)c1cnc2ccc(Br)cn12)S(=O)(=O)c3cc(ccc3C)[N+](=O)[O-],0.081
Cl.Cc1ccc(cc1Sc2nc(cs2)c3cnc4ccc(Cl)cn34)[N+](=O)[O-],0.082
Nc1ncnc2c1c(nn2C3CCCC3)c4ccc5cn[nH]c5c4,0.082
Nc1ncc(cn1)c2cn3cc(CN4CCS(=O)(=O)CC4)nc3c(n2)N5CCOCC5,0.082
CN(c1cccc(n1)c2ccc3nc(NC(=O)C)sc3c2)S(=O)(=O)c4ccccc4,0.0825
Cc1nc2ccc(nn2c1c3cnc(N)c(c3)C(F)(F)F)c4ccc(OCCCN5CCCC5=O)cc4,0.083
Nc1cn2nc(ccc2n1)c3cnc(Cl)c(NS(=O)(=O)c4ccc(F)cc4)c3,0.083
Nc1ncc(cn1)c2cn3cc(CN4CCOCC4)nc3c(n2)N5CCOCC5,0.083
CC(=O)Nc1nc2ccc(cc2s1)c3cncc(OCC#N)c3,0.0833
CC(=O)Nc1nc2ccc(cc2s1)c3ccnc(OCc4ccc5OCOc5c4)n3,0.0834
CC(=O)Nc1nc2ccc(cc2s1)c3ccnc(Sc4cccc(Cl)c4)n3,0.0836
CC(=O)Nc1nc2ccc(cc2s1)c3ccnc(NS(=O)(=O)c4ccccc4)n3,0.0848
C[C@@H](OC(=O)C)C(=O)N1CCN(Cc2cn3cc(nc(N4CCOCC4)c3n2)c5cnc(N)nc5)CC1,0.085
CC(C)n1nc(c2ccc(O)c(c2)C#N)c3c(N)ncnc13,0.086
CC(C)n1nc(C)nc1c2cn3CCOc4cc(OC5(CN6CCN(C)CC6)CC5)ccc4c3n2,0.086391
COc1ccc(cc1)S(=O)(=O)c2cccc(n2)c3ccc4nc(NC(=O)C)sc4c3,0.0865
CCN1CCN(CC1)C(C)c2cc3c(OCCn4cc(nc34)c5nc(C)nn5C(C)C)cc2F,0.086815
COc1ccc(cn1)C2=Cc3c(C)nc(N)nc3N(CC(C)(C)O)C2=O,0.088
Cc1nc(N)nc2N(C3CCCC3)C(=O)C(=Cc12)c4ccc(nc4)N5CCCC5,0.088
Cc1nc(N)nc2N(C3CCCC3)C(=O)C(=Cc12)c4cnn(CC(C)(C)O)c4,0.089
CCc1nccn1c2nc(nc(n2)c3cccc4[nH]ccc34)N5CCOCC5,0.089
CC(C)N1CCN(CC1)[C@H](C)c2cc3c(OCCn4cc(nc34)c5nc(C)nn5C(C)C)cc2C,0.08996
Cn1nc(c2cnc3[nH]ccc3c2)c4c(N)ncnc14,0.091
Cc1nc(NC(=O)N2CCC(C)(C)C2C(=O)N)sc1c3ccnc(c3)C(C)(C)C(F)(F)F,0.091
CN(c1nccc(n1)c2ccc3nc(NC(=O)C)sc3c2)S(=O)(=O)c4ccc(cc4)C(F)(F)F,0.0913
CC(C)n1nc(c2ccc(O)c(F)c2)c3c(N)ncnc13,0.092
CCNC(=O)c1cn2cc(nc(N3CCOCC3)c2n1)c4cccc5[nH]ncc45,0.092
Cc1nc(N)nc2N(N3CCCC3)C(=O)C(=Cc12)c4cnn(c4)C(=O)OC(C)(C)C,0.093
COc1cc(ccc1OCCNC(=O)c2ccncc2)c3ccc4nc(C)c(c5cnc(N)c(c5)C(F)(F)F)n4n3,0.093
CC(=O)Nc1nc2ccc(nn2c1c3ccc(F)c(c3)C(=O)N4CCOCC4)c5cnc(Cl)c(NS(=O)(=O)C)c5.OC(=O)C(F)(F)F,0.093
NC(=O)c1cn2cc(nc(N3CCCCC3)c2n1)c4cccnc4,0.093
CC(C)n1nc(C)nc1c2cn3CCOc4cc(ccc4c3n2)N5CCCC5C6CCCN(C)C6,0.09349175
Cc1nc(N)nc2N(CC3CCOC3)C(=O)C(=Cc12)Br,0.094
COc1ccc(cc1CO)c2ccc3c(c2)nc(Nc4ccn[nH]4)n3c5nc(C)nc(N)n5.COc6ccc(cc6CO)c7ccc8nc(Nc9ccn[nH]9)n(c%10nc(C)nc(N)n%10)c8c7,0.094349
COc1ccc(cc1)S(=O)(=O)Nc2cccc(c2)c3ccc4nc(NC(=O)C)sc4c3,0.0948
Cc1nc(N)nc2N(C3CCC3)C(=O)C(=Cc12)C#N,0.095
CCn1cc(cn1)c2nn3c(cnc3s2)c4cnc(N)c(c4)C(F)(F)F,0.095
CS(=O)(=O)N1CCN(Cc2cn3cc(nc(N4CCOCC4)c3n2)c5cccc6[nH]ncc56)CC1,0.095
CC(C)Nc1cc(cnc1Cl)c2ccc3nc(NC(=O)Cc4ccccn4)sc3c2,0.0954
CC(=O)Nc1nc2ccc(cc2s1)c3ccnc(OCc4ccccc4)n3,0.0956
COc1ccc(cc1OC)c2ccc3nc(C)c(c4ccc(N)nc4)n3n2,0.096
CC(=O)Nc1cn2nc(ccc2n1)c3cccc(NS(=O)(=O)c4cccc5cnccc45)c3.OC(=O)C(F)(F)F,0.096
Cc1cn2cc(nc(N3CCOCC3)c2n1)c4cccc(O)c4,0.096
CC(=O)Nc1nc2ccc(cc2s1)c3cncc(F)c3,0.0963
COc1ccc(cn1)c2c(C)nc3ccc(nn23)c4ccc(OC)c(OC)c4,0.0964
COc1cccc(COc2nccc(n2)c3ccc4nc(NC(=O)C)sc4c3)c1,0.0967
CC(=O)Nc1nc2ccc(cc2s1)c3ccnc(OCCCc4ccncc4)n3,0.0979
CN(c1cccc(c1)c2ccc3nc(NC(=O)C)cn3n2)S(=O)(=O)c4ccc(C)cc4,0.098
COc1cc(ccc1OCCNC(=O)OC(C)C)c2ccc3nc(C)c(c4cnc(N)c(c4)C(F)(F)F)n3n2,0.099
CC(C)n1nc(C)nc1c2cn3CCOc4cc(ccc4c3n2)c5ccnn5C6CC(C)N(C)C(C)C6,0.09997
OCc1cccc(c1)c2nc(N3CCOCC3)c4cc(O)ccc4n2,0.1
Cl.COc1cccc(c1)c2nc(N3CCOCC3)c4oc5ncccc5c4n2,0.1
Cl.Cc1ccc(cc1S(=O)(=O)n2ccc(c2)c3cnc4ccc(Cl)cn34)[N+](=O)[O-],0.1
Cc1nc(N)nc2N(CC3CCCO3)C(=O)C(=Cc12)Br,0.1
Fc1ccc(c(F)c1)S(=O)(=O)Nc2cncc(c2)c3ccc4nccc(c5ccncc5)c4c3,0.1
COc1ncc2cc1NS(=O)(=O)c3cccc(c3)C(=O)NCc4cccc(c4)c5ncnc6ccc2cc56,0.1
COc1ncc2cc1NS(=O)(=O)c3ccc(Cl)c(c3)C(=O)NCc4ccc(s4)c5ncnc6c(C)c2sc56,0.1
CS(=O)(=O)Nc1cc(cnc1Cl)c2ccc3nc(N)c(c4cccc(F)c4)n3n2,0.102
CN(c1nccc(n1)c2ccc3nc(NC(=O)C)sc3c2)S(=O)(=O)c4cccc(C)c4,0.1022
COc1ccc(cc1)S(=O)(=O)Nc2cc(cnc2Cl)c3ccc4nc(NCC5CCCCC5)sc4c3,0.1039
CC(=O)Nc1cn2nc(ccc2n1)c3cncc(c3)S(=O)(=O)C,0.104
C[C@@H](Oc1nccc(n1)c2ccc3nc(NC(=O)C)sc3c2)c4ccccc4,0.1045
CC(C)N1CC(C1)(Oc2ccc3c(OCCn4cc(nc34)c5nc(C)nn5C(C)C)c2)c6ccccc6,0.1054
NC(=O)c1cn2cc(nc(N3CCOCC3)c2n1)c4cccc5[nH]ncc45,0.107
Oc1cccc(c1)c2cn3cc(nc3c(n2)N4CCOCC4)C(F)(F)F,0.108
CS(=O)(=O)N1CC2CCC(C1)N2c3cn4cc(nc(N5CCOCC5)c4n3)c6cnc(N)nc6,0.108
CS(=O)(=O)N1CCN(Cc2nc3c(nc(cn3c2Br)c4cccc5[nH]ncc45)N6CCOCC6)CC1,0.1085
CC(=O)Nc1nc2ccc(cc2s1)c3ccnc(OCc4ccc(F)cc4)n3,0.1087
Cc1nc(N)nc2N(C3CCC(=O)CC3)C(=O)C(=Cc12)Br,0.11
Cc1nc(N)nc2N(C3CCC3)C(=O)C(=Cc12)C#C,0.11
COc1ccc(cc1OC)c2ccc3nc(C)c(c4ccc(nc4)N5CCNCC5)n3n2,0.11
CS(=O)(=O)N1CCC2(CC1)CN(Cc3cn4cc(nc(N5CCOCC5)c4n3)c6cnc(N)nc6)C2,0.11
Cc1cn2cc(nc(N3CCOCC3)c2n1)c4cnc(N)nc4,0.11
CNC(=O)c1cn2cc(nc(N3CCOCC3)c2n1)c4cccc5[nH]ncc45,0.11
Oc1cccc(c1)c2cc(OCc3ccccn3)nc(n2)N4CCOCC4,0.11
CC(=O)Nc1nc2ccc(cc2s1)c3cnc(C)c(N)c3,0.1109
CC(Oc1cc(cnc1Cl)c2ccc3nc(NC(=O)C)sc3c2)C#N,0.1109
CN(c1cncc(c1)c2ccc3nc(NC(=O)C)sc3c2)S(=O)(=O)c4ccccc4,0.111
COc1ccc(cc1OC)c2ccc3nc(C)c(c4ccc(nc4)N5CCOCC5)n3n2,0.111
CC(C)n1ncc(c1CN2CCN(CC2)C(C)(C)C)c3ccc4c(OCCn5cc(nc45)c6nc(C)nn6C(C)C)c3,0.1112
COc1ccc(cc1)S(=O)(=O)N(C)c2nccc(n2)c3cc(F)c4nc(NC(=O)C)sc4c3,0.1114
CC(C)n1ncc(c1CN2CCN(C)CC2)c3ccc4c(OCCn5cc(nc45)c6nc(C)nn6C(C)C)c3,0.111556
COCC(=O)Nc1nc2ccc(cc2s1)c3cnc(Cl)c(NC(C)C)c3,0.1117
Nc1ncnc2c1c(nn2[C@H]3CCOC3)c4ccc(Cl)c(O)c4,0.113
CS(=O)(=O)N1CCN(Cc2cn3cc(nc(N4CCOCC4)c3n2)c5cnc6[nH]ccc6c5)CC1,0.113
COc1ncc(cc1NC(C)C)c2ccc3nc(NC(=O)C)sc3c2,0.1137
Nc1ncc(cn1)c2cn3cc(CN4CCC(O)CC4)nc3c(n2)N5CCOCC5,0.114
CN(C)c1cc(cnc1Cl)c2ccc3nc(NC(=O)NCCN4CCOCC4)sc3c2,0.1149
Cl.COc1cc(ccc1OC2CCNCC2)c3nn4c(cnc4s3)c5cnc(N)nc5,0.115
Oc1cc(cnc1Cl)c2ccc3ncsc3c2,0.1164
CC(C)N(C)C1CCOC(C1)c2c(cnn2C)c3ccc4c(OCCn5cc(nc45)c6nc(C)nn6C(C)C)c3,0.116678333
COc1ccc(cc1)S(=O)(=O)Nc2cccc(c2)c3ccc4nc(NC(=O)C)sc4n3,0.1169
COc1ccc(cc1OCCCNC(=O)c2ccncc2)c3ccc4nc(C)c(c5cnc(N)c(c5)C(F)(F)F)n4n3,0.118
Cc1nc(N)nc(n1)n2c(Nc3ccc(NC(=O)C4CC4)cc3)nc5ccccc25,0.118705
CC(=O)Nc1nc2ccc(cc2s1)c3ccnc(SCc4ccccc4C)n3,0.1193
CC(C)n1nc(c2cnc3[nH]ccc3c2)c4c(N)ncnc14,0.12
Cc1nc(N)nc2N(C3CN(C3)C(=O)OC(C)(C)C)C(=O)C(=Cc12)c4cn[nH]c4,0.12
CC(=O)Nc1nc2ccc(cc2s1)c3ccnc(Sc4ccc(F)cc4)n3,0.1219
CC(=O)Nc1nc2ccc(cc2s1)c3ccnc(OCc4ccc5ncccc5c4)n3,0.1242
CC(C)N1CCCC(C1)c2nccn2c3ccc4c(OCCn5cc(nc45)c6nc(C)nn6C(C)C)c3,0.124836
CN(c1nccc(n1)c2ccc3nc(NC(=O)C)sc3c2)S(=O)(=O)c4cccc5ccccc45,0.1256
COc1ccc(COc2nccc(n2)c3ccc4nc(NC(=O)C)sc4c3)cc1,0.126
Cc1nc2ccc(nn2c1c3cnc(N)c(c3)C(F)(F)F)c4ccc(OCC5(COC5)NC(=O)C6CC6)cc4,0.126
CC(C)n1nc(C)nc1c2cn3CCOc4cc(C)c(cc4c3n2)C(C)N5CCN(CC5)C6COC6,0.126126
Cc1nc(N)nc2N([C@@H]3CC[C@H](O)CC3)C(=O)C(=Cc12)Br,0.13
COc1ccc(cn1)C2=Cc3c(C)nc(N)nc3N(CC(F)(F)F)C2=O,0.13
Nc1ncc(cc1S(=O)(=O)N2CCOCC2)c3cnc4[nH]cc(c5cccc(c5)C#N)c4c3,0.13
Cc1nc2ccc(nn2c1c3cnc(N)c(c3)C(F)(F)F)c4ccc(OCC5(N)COC5)cc4,0.131
Cc1coc2ccc(\C=C\3/SC(=O)NC3=O)cc12,0.135
CCOc1ccc(cc1OC)c2nn(C3CCCC3)c4ncnc(N)c24,0.135
CC(C)n1nc(c2ccc(Cl)c(O)c2)c3c(N)ncnc13,0.135
COc1ccc(cc1OC)c2ccc3nc(C)c(c4ccn(n4)S(=O)(=O)c5cccc(c5)C#N)n3n2,0.136
CCOc1ccc(cc1OC)c2ccc3nc(C)c(c4ccc(nc4)N5CCOCC5)n3n2,0.138
Cl.Cl.Nc1cccc(c1)c2nc(N3CCOCC3)c4oc5ncccc5c4n2,0.14
Oc1cccc(c1)c2cc(NCCc3ccncc3)nc(n2)N4CCOCC4,0.14
Oc1cccc(c1)c2nc(cc(n2)c3ccncc3)N4CCOCC4,0.14
Nc1ncnc2c1c(nn2C3CCCC3)c4ccc(Br)c(O)c4,0.142
Cc1nc(N)nc2N(CC(C)(C)O)C(=O)C(=Cc12)c3cnc4[nH]ccc4c3,0.1425
CC(C)n1nc(c2cc(F)c3cn[nH]c3c2)c4c(N)ncnc14,0.144
Cc1nc2c(nc(cn2c1C3CCNCC3)c4cccc5[nH]ncc45)N6CCOCC6,0.144
Cc1cnc2c(nc(cn12)c3ccc(NC(=O)Nc4cccc(c4)C(=O)O)cc3)N5CCOCC5,0.144
CC(C)n1nc(c2ccc3[nH]ncc3c2)c4c(N)ncnc14,0.145
CS(=O)(=O)N1CCN(Cc2cn3c(Cl)c(nc(N4CCOCC4)c3n2)c5cccc6[nH]ncc56)CC1,0.145
CC(C)N1CCCC(C1)n2c(C)ncc2c3ccc4c(OCCn5cc(nc45)c6nc(C)nn6C(C)C)c3,0.145173
COc1ccc(cc1)S(=O)(=O)N(C)c2nccc(n2)c3ccc4nc(NC(=O)C)cn4c3,0.146
CC(C)n1ncnc1c2cn3CCOc4ccc(cc4c3n2)S(=O)C5CCN(CC5)C(C)(C)C,0.149
CNc1ncc(cc1NC(C)C)c2ccc3nc(NC(=O)C)sc3c2,0.1491
Cc1nc(N)nc2N([C@@H]3CC[C@H](O)C3)C(=O)C(=Cc12)Br,0.15
CC(C)COc1cc(ccc1NC(=O)CN2CCOCC2)c3cccc4C(=O)C=C(Oc34)N5CCOCC5,0.15
C=CCOc1cc(ccc1NC(=O)CN2CCOCC2)c3cccc4C(=O)C=C(Oc34)N5CCOCC5,0.15
COc1ncc2cc1NS(=O)(=O)c3cc(C(=O)NCc4cncc(c4)c5ccnc6ccc2nc56)c(F)cc3F,0.15
CC(=O)Nc1nc2ccc(cc2s1)c3cnc(Cl)c(O[C@H]4CCOC4)c3,0.1501
CC(=O)Nc1nc2ccc(cc2s1)c3ccnc(OCCCc4ccccc4)n3,0.1508
COc1ccc(cc1)S(=O)(=O)c2cccc(n2)c3cc(F)c4nc(NC(=O)C)sc4c3,0.1514
COc1ccc(cc1OC)S(=O)(=O)Nc2nccc(n2)c3ccc4nc(NC(=O)C)sc4c3,0.1528
CS(=O)(=O)Nc1cc(cnc1Cl)c2ccc3nc(N)c(c4ccncc4)n3n2,0.154
COc1cc(cnc1Cl)c2ccc3nc(NC(=O)C)sc3c2,0.1551
CCOc1ccc(cn1)c2ccc3nc(NC(=O)C)sc3c2,0.1562
CNC(=O)Nc1ccc(cc1)c2cn3cc(CN4CCN(CC4)S(=O)(=O)C)nc3c(n2)N5CCOCC5,0.158
CCOC(=O)c1cn2cc(nc(N3CCOCC3)c2n1)c4cccc(O)c4,0.158
C1CN(CCO1)c2nc(nc3c2oc4ncccc34)c5ccccc5,0.16
CN(c1cccc(n1)c2ccc3nc(NC(=O)C)sc3c2)S(=O)(=O)c4ccccc4F,0.1607
COc1ccc(cc1O)c2nn(C(C)C)c3ncnc(N)c23,0.164
COCCOCOc1cc(cnc1Cl)c2ccc3nc(NC(=O)C)sc3c2,0.1643
COCCNC(=O)c1cn2cc(nc(N3CCOCC3)c2n1)c4cccnc4,0.166
COc1cccc(c1)C2=Cc3c(C)nc(N)nc3N(C4CCCC4)C2=O,0.168
CC(=O)Nc1nc2ccc(cc2s1)c3cnc(Cl)c(OC4CCOC4)c3,0.1687
CC(C)N1CCN(CC1)[C@H](C)c2cc3c(OCCn4cc(nc34)c5nc(C)nn5C(C)C)cc2F,0.16872
CS(=O)(=O)N1CCN(Cc2cn3cc(nc(N4CCOCC4)c3n2)c5ccc(N)nc5)CC1,0.169
CN1C(=O)COc2ccc(\C=C\3/SC(=O)NC3=O)cc12,0.17
Cl.Cl.C(CN1CCCCC1)Oc2cccc(c2)c3nc(N4CCOCC4)c5oc6ncccc6c5n3,0.17
CN(N=C(C)c1c(C)nc2ccc(Br)cn12)S(=O)(=O)c3cc(ccc3C)[N+](=O)[O-],0.17
Cc1nc(N)nc2N(C3CCCC3)C(=O)C(=Cc12)c4cccc(Cl)n4,0.17
CC(C)n1nc(C)nc1c2cn3CCOc4cc(F)c(cc4c3n2)C(=O)N5CCN(CC5)C(C)(C)CO,0.172278
CC(C)n1ncnc1c2cn3CCOc4cc(c(C)cc4c3n2)c5ccnn5C6CCN(C)CC6,0.173
CC(C)n1nc(c2cc(O)cc(F)c2)c3c(N)ncnc13,0.175
COc1cc(ccc1OCCCNC(=O)OC(C)C)c2ccc3nc(C)c(c4cnc(N)c(c4)C(F)(F)F)n3n2,0.175
Nc1ncnc2c1c(nn2C3CCC3)c4ccc(Cl)c(O)c4,0.176
CN(c1nccc(n1)c2ccc3nc(NC(=O)C)sc3c2)S(=O)(=O)c4cccs4,0.1766
Oc1cccc(c1)c2cc(nc(NCCc3ccccn3)n2)N4CCOCC4,0.18
CC(C)n1nc(C)nc1c2cn3CCOc4cnc(cc4c3n2)[C@H](C)N5CCN(CC5)C(C)(C)CO,0.18039
CN(c1nccc(n1)c2ccc3nc(NC(=O)C)sc3c2)S(=O)(=O)c4ccccc4,0.1809
COc1ccc(cc1OC)c2ccc3nc(C)c(c4cnccn4)n3n2,0.181
CC(=O)Nc1nc2ccc(cc2s1)c3ccnc(OCc4cccc(C)c4)n3,0.1814
CC(C)n1nc(C)nc1c2cn3CCOc4cc(F)c(cc4c3n2)[C@@H](C)N5CCN(CC(C)(C)O)CC5,0.18165
O=C(N1CCNCC1)c2cn3cc(nc(N4CCOCC4)c3n2)c5cccc6[nH]ncc56,0.182
CN(c1nccc(n1)c2ccc3nc(NC(=O)C)sc3c2)S(=O)(=O)c4ccsc4,0.1849
CC(=O)Nc1nc2ccc(cc2s1)c3ccnc(Sc4cc(C)cc(C)c4)n3,0.1858
CC(=O)Nc1nc2ccc(cc2s1)c3cncc(Cl)n3,0.1859
CC(C)n1nc(C)nc1c2cn3CCOc4cc(ccc4c3n2)c5ccnn5C6CCCN(Cc7ccccc7)C6,0.185954
CC(C)n1nc(c2ccc(F)c(O)c2)c3c(N)ncnc13,0.187
Cc1nc(N)nc2N(CC(F)(F)F)C(=O)C(=Cc12)c3cn[nH]c3,0.188
CC(C)n1nc(C)nc1c2cn3CCOc4cc(F)c(cc4c3n2)C(=O)N5CCN(CC5)C(C)(C)C,0.190827
Nc1ncc(cn1)c2cn3ccnc3c(n2)N4CCOCC4,0.191
CN(C)c1cc(cnc1Cl)c2ccc3nc(N)sc3c2,0.1912
COc1cccc(Sc2nccc(n2)c3ccc4nc(NC(=O)C)sc4c3)c1,0.1918
COc1ccc(cc1O)c2nn(C3CCC(C)C3)c4ncnc(N)c24,0.192
CC(C)n1nc(c2ccc3c(N)n[nH]c3c2)c4c(N)ncnc14,0.193
CC(C)n1nc(C)nc1c2cn3CCOc4ccc(cc4c3n2)C(O)C5CCN(C)CC5,0.19332
CS(=O)(=O)N1CCN(Cc2cn3c(C#N)c(nc(N4CCOCC4)c3n2)c5cccc6[nH]ncc56)CC1,0.194
Cc1ccc(cc1)S(=O)(=O)Nc2oc(nn2)c3ccc4nc(N)sc4c3,0.1965
Oc1cccc(c1)c2cn3ccnc3c(n2)N4CCOCC4,0.197
CC(=O)Nc1nc2ccc(cc2s1)c3ccnc(OCCCN4CCOCC4)n3,0.1994
CC(=O)Nc1nc2ccc(cc2s1)c3ccnc(Sc4cccc(F)c4)n3,0.1994
COc1ccc(cn1)C2=Cc3c(C)nc(N)nc3N(C4CCNC4)C2=O,0.2
CN(C)CCN(C)C(=O)c1ccc(NC(=O)Nc2ccc(cc2)c3nc(O[C@H]4CCOC4)nc(n3)N5CCOCC5)cc1,0.2
COc1ccc2[nH]c(c(\C=C\3/Oc4ccc(NC(=O)Nc5ccc(cc5)C(=O)N6CCN(C)CC6)cc4C3=O)c2c1)c7c(C)nn(C)c7C,0.2
COc1ccc2[nH]c(c(\C=C\3/Oc4ccc(NC(=O)Nc5ccc(cc5)C(=O)N6CCOCC6)cc4C3=O)c2c1)c7c(C)nn(C)c7C,0.2
COc1cc(F)c2[nH]c(c(\C=C\3/Oc4ccc(NC(=O)Nc5ccc(cc5)C(=O)N(C)CCN(C)C)cc4C3=O)c2c1)c6c(C)nn(C)c6C,0.2
CNC(=O)Nc1ccc2O\C(=C/c3c([nH]c4ccc(OC)cc34)c5c(C)n[nH]c5C)\C(=O)c2c1,0.2
COc1ccc2c(c1)c(\C=C\3/Oc4ccc(NC(=O)Nc5ccc(cc5)C(=O)N6CCN(C)CC6)cc4C3=O)c(C)n2CCO,0.2
CN(C)C1CCN(CC1)C(=O)c2ccc(NC(=O)Nc3ccc(Nc4nc(Nc5ccc(cc5)C(=O)N)c6cnn(C)c6n4)cc3)cc2,0.2
Oc1cccc(c1)c2nc(cc(n2)c3ccc(Cl)c(Cl)c3)N4CCOCC4,0.2
CC1(C)CN(CCO1)c2nc(nc3c2nc4n3CCOC4(C)C)c5cnc(N)nc5,0.201
CC(C)n1nc(c2ccc3nccnc3c2)c4c(N)ncnc14,0.206
COc1ccc(cc1OC)c2ccc3nc(C)c(c4ccc(F)nc4)n3n2,0.206
CC(C)n1nc(C)nc1c2cn3CCOc4cc(F)c(cc4c3n2)c5ccnn5[C@H]6CCCN(C6)C7COC7,0.207
Nc1ncnc2c1c(nn2C3CCCC3)c4ccc5[nH]ncc5c4,0.209
CS(=O)(=O)N1CCN(Cc2cn3cc(nc(N4CCOCC4)c3n2)c5cnc(N)c(c5)C(F)(F)F)CC1,0.21
CC(=O)Nc1ccc(cn1)c2cn3cc(CN4CCN(CC4)S(=O)(=O)C)nc3c(n2)N5CCOCC5,0.21
CC(=O)Nc1cn2cc(ccc2n1)c3cncc(NCCC(C)(C)C)c3,0.211
COCCOCOc1cc(cnc1C(F)(F)F)c2ccc3nc(NC(=O)C)sc3c2,0.2114
CC(=O)Nc1cn2cc(ccc2n1)c3cncc(N)c3,0.214
CC(C)n1nc(C)nc1c2cn3CCOc4cnc(cc4c3n2)[C@H](C)N5CCN(CC5)C(C)(C)C,0.21696
CC(C)n1nc(C)nc1c2cn3CCOc4cnc(cc4c3n2)[C@@H](C)N5CCN(CC5)C(C)(C)CO,0.218816
CC(=O)Nc1nc2ccc(cc2s1)c3ccnc(OCc4ccc(C)cc4)n3,0.2197
COc1ccc(cc1OC)c2ccc3nc(C)c(c4cc[nH]n4)n3n2,0.22
CC(=O)Nc1nc2ccc(cc2s1)c3cccc(n3)S(=O)(=O)c4ccccc4,0.2212
COc1ccc(cc1)S(=O)(=O)Nc2cc(cnc2Cl)c3ccc4nc(SC)sc4c3,0.2225
Nc1ncnc2c1c(nn2C3CCCC3)c4ccc(Cl)c(O)c4,0.225
CC(=O)Nc1nc2ccc(cc2s1)c3ccnc(OCCc4ccccc4)n3,0.2263
CC(C)Nc1cc(cnc1Cl)c2ccc3nc(NC(=O)C[C@@H]4CCCO4)sc3c2,0.2297
Cc1nc(N)nc2N(C3CCOC3)C(=O)C(=Cc12)Br,0.23
COCC(=O)Nc1nc(C)c(s1)c2cnc(Cl)c(NS(=O)(=O)c3ccccc3)c2,0.23
Oc1cccc(c1)c2cc(nc(NCCc3ccncc3)n2)N4CCOCC4,0.23
O=C1NC(=NC#N)S/C/1=C\c2ccc3OCOc3c2,0.231
COc1ccc(cc1OC)C(=O)NCCOc2ccc(cc2OC)c3ccc4nc(C)c(c5cnc(N)c(c5)C(F)(F)F)n4n3,0.233
Cc1cn2cc(nc(N3CCOCC3)c2n1)c4cncc(O)c4,0.235
CC(C)Oc1nccc(n1)c2ccc3nc(NC(=O)C)sc3c2,0.2398
CC(=O)Nc1nc2ccc(cc2s1)c3cnc(C#N)c(N)c3,0.2413
COc1cc(ccc1OCCNC(=O)Nc2cc(OC)c(OC)c(OC)c2)c3ccc4nc(C)c(c5cnc(N)c(c5)C(F)(F)F)n4n3,0.242
CC(=O)Nc1ncc(cn1)c2nc(N3CCOCC3)c4nc5n(CCOC5(C)C)c4n2,0.242
CC(C)n1ncnc1c2cn3CCOc4cc(ccc4c3n2)c5ccccc5S(=O)(=O)N,0.2422
Cc1nc(N)nc(n1)n2c(Nc3ccc(cc3)C(=O)Nc4ccncc4)nc5ccccc25,0.242973
Nc1ncnc2c1c(nn2C3CCCCCC3)c4ccc(F)c(O)c4,0.244
CNc1nc(C)c2C=C(C(=O)N(C3CCCC3)c2n1)c4cccc(OC)c4,0.244
COc1cc(ccc1OCCCNC(=O)C(F)(F)F)c2ccc3nc(C)c(c4cnc(N)c(c4)C(F)(F)F)n3n2,0.244
CC(C)n1nc(c2ccc3nc(N)ccc3c2)c4c(N)ncnc14,0.245
COc1ccc(C(=O)NCCOc2ccc(cc2OC)c3ccc4nc(C)c(c5cnc(N)c(c5)C(F)(F)F)n4n3)c(OC)c1OC,0.245
CCOC(=O)N1CCC(CC1)NC(=O)c2cn3cc(nc(N4CCOCC4)c3n2)c5cccc6[nH]ncc56,0.245
CC(C)n1nc(C)nc1c2cn3CCOc4cc(F)c(cc4c3n2)[C@H](C)N5CCN(CC5)C(C)(C)C,0.24684
CC(C)n1nc(C)nc1c2cn3CCOc4cc(F)c(cc4c3n2)C(C)N5CCN(CC5)C(C)(C)C,0.24961
O=C1NC(=O)\C(=C\c2ccc3OCOc3c2)\S1,0.25
Oc1cccc(c1)c2cc(NCCc3ccccn3)nc(n2)N4CCOCC4,0.25
COc1ccc2[nH]c(c(\C=C\3/Oc4ccc(NC(=O)Nc5ccc(cc5)C(=O)N6CCC(C6)N(C)C)cc4C3=O)c2c1)c7c(C)nn(C)c7C,0.25
COc1ccc2[nH]c(c(\C=C\3/Oc4ccc(NC(=O)Nc5ccc(NC(=O)CCN(C)C)cc5)cc4C3=O)c2c1)c6c(C)nn(C)c6C,0.25
Oc1cccc(c1)c2cc(nc(NCCc3cccnc3)n2)N4CCOCC4,0.25
CC(=O)Nc1nc2ccc(cc2s1)c3cnc(Cl)c(F)c3,0.2505
Cc1cn2c(I)c(nc(N3CCOCC3)c2n1)c4cccnc4,0.253
CNC(=O)Nc1nc2ccc(cc2s1)c3ccnc(OCc4ccccc4)n3,0.2538
CS(=O)(=O)N1CCN(CC1)C(=O)c2cn3cc(nc(N4CCOCC4)c3n2)c5cccc6[nH]ncc56,0.254
COc1cc(Cl)ncc1c2ccc3nc(NC(=O)C)sc3c2,0.2558
CC(=O)Nc1nc2ccc(cc2s1)c3cccc(n3)S(=O)(=O)c4ccc(F)cc4,0.2577
CC(=O)Nc1nc2ccc(cc2s1)c3ccnc(OCCCc4cccnc4)n3,0.2584
COc1cc(ccc1O)c2nn(C(C)C)c3ncnc(N)c23,0.26
Oc1cccc(c1)c2cc(NCCc3cccnc3)nc(n2)N4CCOCC4,0.26
Oc1cccc(c1)c2nc(cc(n2)c3cccnc3)N4CCOCC4,0.26
CC(C)n1nc(C)nc1c2cn3CCOc4cc(F)c(cc4c3n2)[C@@H](C)N5CCN(CC5)C(C)(C)CO,0.262675
CC(=O)Nc1nc2ccc(cc2s1)c3ccnc(OCCCn4ccnn4)n3,0.2655
Nc1ncnc2c1c(nn2C3CCCC3)c4cc(O)cc(F)c4,0.266
Cc1cn2c(Cl)c(nc(N3CCOCC3)c2n1)c4cccc5[nH]ncc45,0.266
CC1(COc2cc(ccc2NC(=O)CN3CCOCC3)c4cccc5C(=O)C=C(Oc45)N6CCOCC6)CCC1,0.27
CNc1nc(C)c2C=C(C(=O)N(C3CCCC3)c2n1)c4cccnc4OC,0.275
CNc1ncc(cc1N)c2ccc3nc(NC(=O)C)sc3c2,0.275
CCn1nc(c2ccc(OC)c(O)c2)c3c(N)ncnc13,0.276
COc1ccc(cc1OC)c2ccc3nc(C)c(c4ccnc(n4)n5ccnc5)n3n2,0.276
CCC(=O)Nc1nc2ccc(cc2s1)c3ccnc(OCc4ccccc4)n3,0.2769
CC(C)CC1(CN(C1)C(C)C)Oc2ccc3c(OCCn4cc(nc34)c5nc(C)nn5C(C)C)c2,0.278307
Cc1nc2ccc(Cl)cn2c1c3ccn(n3)S(=O)(=O)c4cccc(c4)[N+](=O)[O-],0.28
CC(C)n1nc(c2ccc(C)c(O)c2)c3c(N)ncnc13,0.28
CC(=O)Nc1nc(C)c(s1)c2cnc(Cl)c(NCc3ccccc3)c2,0.28
CCN(c1nccc(n1)c2ccc3nc(NC(=O)C)sc3c2)S(=O)(=O)c4ccc(OC)cc4,0.2832
CC(C)Nc1cc(cnc1OCCCN(C)C)c2ccc3nc(NC(=O)C)sc3c2,0.2839
COc1ccccc1S(=O)(=O)c2cccc(n2)c3ccc4nc(NC(=O)C)sc4c3,0.2854
CC(=O)Nc1nc2ccc(cc2s1)c3cccc4[nH]ncc34,0.2882
COc1ccc(cc1OC)c2nn(C3CCCC3)c4ncnc(N)c24,0.289
O=C(CN1CCOCC1)Nc2ccc(cc2OCC3CCC3)c4cccc5C(=O)C=C(Oc45)N6CCOCC6,0.29
CC(C)Oc1cc(ccc1NC(=O)CN2CCOCC2)c3cccc4C(=O)C=C(Oc34)N5CCOCC5,0.29
Nc1ncnc2c1c(nn2[C@@H]3CCOC3)c4ccc(Cl)c(O)c4,0.293
COc1cc(ccc1OCCNC(=O)c2cc(OC)c(OC)c(OC)c2)c3ccc4nc(C)c(c5cnc(N)c(c5)C(F)(F)F)n4n3,0.294
COC(=O)NC1(COc2ccc(cc2)c3ccc4nc(C)c(c5cnc(N)c(c5)C(F)(F)F)n4n3)COC1,0.295
CN(C)CCCNC(=O)c1cn2cc(nc(N3CCOCC3)c2n1)c4cccnc4,0.295
CC(C)n1nc(c2cc(F)c(O)cc2F)c3c(N)ncnc13,0.296
COc1ccc(cc1OC)c2ccc3nc(C)c(c4ccnc(NCC5CC5)n4)n3n2,0.296
CNc1nc(C)c2C=C(C(=O)N(CCN)c2n1)c3ccc(OC)nc3,0.3
CC(C)N1C(=O)C(=Cc2c(C)nc(N)nc12)c3cnc(O)nc3,0.3
COc1ccc2[nH]c(C3CCCCC3)c(\C=C\4/Oc5ccc(NC(=O)Nc6ccc(cc6)C(=O)N7CCN(C)CC7)cc5C4=O)c2c1,0.3
COc1ccc2[nH]c(c(\C=C\3/Oc4ccc(NC(=O)Nc5ccc(cc5)C(=O)N(C)CCN(C)C)cc4C3=O)c2c1)c6c(C)nn(C)c6C,0.3
COc1ccc2[nH]c(c(\C=C\3/Oc4ccc(NC(=O)Nc5ccc(cc5)C(=O)N(C)C6CCN(C)C6)cc4C3=O)c2c1)c7c(C)nn(C)c7C,0.3
COc1ccc2[nH]c(c(\C=C\3/Oc4ccc(NC(=O)Nc5ccc(cc5)C(=O)N(C)CCN6CCCC6)cc4C3=O)c2c1)c7c(C)nn(C)c7C,0.3
COc1ccc2[nH]c(c(\C=C\3/Oc4ccc(NC(=O)Nc5ccc(cc5)C(=O)N6CCC(CC6)N(C)C)cc4C3=O)c2c1)c7c(C)nn(C)c7C,0.3
COc1ccc2[nH]c(c(\C=C\3/Oc4ccc(NC(=O)Nc5ccc(cc5)C(=O)N6CCN(C)C(C)C6)cc4C3=O)c2c1)c7c(C)nn(C)c7C,0.3
COc1ccc2[nH]c(C3CCCCC3)c(\C=C\4/Oc5ccc(NC(=O)Nc6ccc(cc6)C(=O)N(C)CCN(C)C)cc5C4=O)c2c1,0.3
COc1ccc2c(c1)c(\C=C\3/Oc4ccc(NC(=O)Nc5ccc(cc5)C(=O)N6CCN(C)CC6)cc4C3=O)c(C)n2C,0.3
COc1cc(F)c2[nH]c(c(\C=C\3/Oc4ccc(NC(=O)Nc5ccc(cc5)C(=O)NCCN(C)C)cc4C3=O)c2c1)c6c(C)nn(C)c6C,0.3
CCn1c(C)c(\C=C\2/Oc3ccc(NC(=O)Nc4ccc(cc4)C(=O)NCCNC)cc3C2=O)c5cc(OC)ccc15,0.3
CNCCNC(=O)c1ccc(NC(=O)Nc2ccc3O\C(=C/c4c([nH]c5ccc(OC)cc45)C6CCCCC6)\C(=O)c3c2)cc1,0.3
CNCCNC(=O)c1ccc(NC(=O)Nc2ccc3O\C(=C/c4c(C)n(C)c5ccc(OC)cc45)\C(=O)c3c2)cc1,0.3
CCn1c(C)c(\C=C\2/Oc3ccc(NC(=O)Nc4ccc(NC(=O)CCN(C)C)cc4)cc3C2=O)c5cc(OC)ccc15,0.3
CCn1c(C)c(\C=C\2/Oc3ccc(NC(=O)Nc4ccc(cc4)C(=O)N5CCN(C)CC5)cc3C2=O)c6cc(OC)ccc16,0.3
CN(C)C1CCN(C1)C(=O)c2ccc(NC(=O)Nc3ccc(Nc4nc(Nc5ccc(cc5)C(=O)N)c6cnn(C)c6n4)cc3)cc2,0.3
CC1(COc2cc(ccc2NC(=O)CN3CCOCC3)c4cccc5C(=O)C=C(Oc45)N6CCOCC6)COC1,0.3
CC(=O)Nc1nc2ccc(cc2s1)c3cccc(n3)S(=O)(=O)c4cccc(F)c4,0.3004
CC(=O)Nc1cccc(c1)c2nc(N3CCOCC3)c4oc5ncccc5c4n2,0.301
CN(c1nccc(n1)c2ccc3nc(NC(=O)C)sc3c2)S(=O)(=O)c4ccccc4F,0.3015
O=C1NC(=O)\C(=C\c2ccc3OCCOc3c2)\S1,0.31
COc1ccc(CN2C(=O)C(=Cc3c(C)nc(N)nc23)c4ccccc4)cc1,0.31
CCNc1nc(C)c2C=C(CCC(=O)Nc3ncc[nH]3)C(=O)N(C4CCCC4)c2n1,0.31
CN(C)CC(=O)Nc1nc2ccc(cc2s1)c3cnc(Cl)c(c3)N(C)C,0.3108
CC(=O)Nc1ccc(cc1)S(=O)(=O)Nc2nccc(n2)c3ccc4nc(NC(=O)C)sc4c3,0.3193
CN(c1nccc(n1)c2ccc3nc(NC(=O)C)sc3c2)S(=O)(=O)c4ccc(F)cc4,0.3235
CCn1c(C)c(\C=C\2/Oc3ccc(NC(=O)Nc4ccc(cc4)C(=O)N(C)CCN(C)C)cc3C2=O)c5cc(OC)ccc15,0.33
COc1cc(F)c2[nH]c(c(\C=C\3/Oc4ccc(NC(=O)Nc5ccc(cc5)C(=O)N6CCC(C6)N(C)C)cc4C3=O)c2c1)c7c(C)nn(C)c7C,0.33
CC(=O)Nc1ccc(Sc2nccc(n2)c3ccc4nc(NC(=O)C)sc4c3)cc1,0.3331
Cc1ccc(cc1)S(=O)(=O)Nc2oc(nn2)c3ccc4nc(NC(=O)OC(C)(C)C)sc4c3,0.3362
CC(C)NC(=O)Nc1ccc(cc1)c2nc(N3CCOCC3)c4nc5n(CCOC5(C)C)c4n2,0.337
Cl.CCOC(=O)c1ccc2ncc(C=NN(C)S(=O)(=O)c3cc(ccc3C)[N+](=O)[O-])n2c1,0.34
COc1ccc(cn1)C2=Cc3c(C)nc(N)nc3N(CCN)C2=O,0.34
Oc1cccc(c1)c2cn3cc(nc3c(n2)N4CCOCC4)C5CC5,0.34
Nc1ncnc2c1c(nn2C3CCCC3)c4ccc5OC=CC(=O)c5c4,0.344
CC1CCC(C1)n2nc(c3ccc(F)c(O)c3)c4c(N)ncnc24,0.347
COc1cc(F)c2[nH]c(c(\C=C\3/Oc4ccc(NC(=O)Nc5ccc(cc5)C(=O)N6CCC(CC6)N(C)C)cc4C3=O)c2c1)c7c(C)nn(C)c7C,0.35
COc1cc(ccc1NC(=O)CN2CCOCC2)c3cccc4C(=O)C=C(Oc34)N5CCOCC5,0.35
CN(c1nccc(n1)c2ccc3nc(NC(=O)C)sc3c2)S(=O)(=O)c4ccc5ncccc5c4,0.3541
O=C(N1CCCC1)c2cn3cc(nc(N4CCOCC4)c3n2)c5cccc6[nH]ncc56,0.355
CC(C)n1nc(c2ccc(C#N)c(O)c2)c3c(N)ncnc13,0.357
c1ccc2c(n[nH]c2c1)C#Cc3ccncc3,0.36
COc1cc(ccc1OCCNC(=O)c2ccc(cc2)N3CCOCC3)c4ccc5nc(C)c(c6cnc(N)c(c6)C(F)(F)F)n5n4,0.367
COc1cccc(c1)C(=O)NCCOc2ccc(cc2OC)c3ccc4nc(C)c(c5cnc(N)c(c5)C(F)(F)F)n4n3,0.368
O=C1NC(=O)\C(=C\c2ccc3nonc3c2)\S1,0.37
COc1cccc(NC(=O)NCCOc2ccc(cc2OC)c3ccc4nc(C)c(c5cnc(N)c(c5)C(F)(F)F)n4n3)c1,0.371
CC(C)n1nc(C)nc1c2cn3CCOc4cc(F)c(cc4c3n2)[C@@H](C)N5CCN(CC5)C(C)(C)C,0.372
CN(c1cncc(c1)c2ccc3nc(NC(=O)C)sc3c2)S(=O)(=O)c4ccc(F)cc4,0.3754
CC(C)c1ccccc1Sc2nccc(n2)c3ccc4nc(NC(=O)C)sc4c3,0.376
CN(c1cncc(c1)c2ccc3nc(NC(=O)C)sc3c2)S(=O)(=O)c4ccc(F)c(F)c4,0.3769
CC1(C)OCCn2c1nc3c(nc(nc23)c4cn[nH]c4)N5CCOCC5,0.382
Nc1ncnc2c1c(nn2CCCCC#N)c3ccc(F)c(O)c3,0.394
CC1(C)OCCn2c1nc3c(nc(nc23)c4cnc(N)nc4)N5C[C@@H]6C[C@H]5CO6,0.394
CSc1cccc(c1)c2ccc3nc(NC(=O)C)cn3n2,0.395
O=C(NCCN1CCOCC1)c2cn3cc(nc(N4CCOCC4)c3n2)c5cccnc5,0.398
Oc1ccccc1c2nc(N3CCOCC3)c4oc5ncccc5c4n2,0.4
CC(=NNS(=O)(=O)c1cc(ccc1C)[N+](=O)[O-])c2c(C)nc3ccc(Br)cn23,0.4
CNc1nc(C)c2C=C(C(=O)N(C3CCCC3)c2n1)c4cnc(N)c(OC[C@H](C)N)n4,0.4
COc1nc(nc(n1)c2ccc(NC(=O)Nc3ccc(cc3)C(=O)N(C)CCN(C)C)cc2)N4CCOCC4,0.4
CN(C)C1CCN(CC1)C(=O)c2ccc(NC(=O)Nc3ccc(cc3)c4nc(nc(n4)N5CCOCC5)N6CCOCC6)cc2,0.4
CCN1CCN(CC1)C(=O)c2ccc(NC(=O)Nc3ccc4O\C(=C/c5c([nH]c6ccc(OC)cc56)c7c(C)nn(C)c7C)\C(=O)c4c3)cc2,0.4
COc1ccc2[nH]c(c(\C=C\3/Oc4ccc(NC(=O)Nc5ccc(cc5)C(=O)N6CCN(CC6)C(C)C)cc4C3=O)c2c1)c7c(C)nn(C)c7C,0.4
COc1ccc2c(c1)c(\C=C\3/Oc4ccc(NC(=O)Nc5ccc(cc5)C(=O)N(C)CCN(C)C)cc4C3=O)c(C)n2CCN6CCN(C)CC6,0.4
CCn1c(C)c(\C=C\2/Oc3ccc(NC(=O)Nc4ccc(cc4)C(=O)N5CCC(CC5)N(C)C)cc3C2=O)c6cc(OC)ccc16,0.4
CCn1c(C)c(\C=C\2/Oc3ccc(NC(=O)Nc4ccc(cc4)C(=O)N(C)CCCN(C)C)cc3C2=O)c5cc(OC)ccc15,0.4
COc1ccc2[nH]c(c(\C=C\3/Oc4ccc(NC(=O)Nc5ccc(cc5)C(=O)NCCN(C)C)cc4C3=O)c2c1)c6c(C)nn(C)c6C,0.4
COc1ccc2[nH]c(c(\C=C\3/Oc4ccc(NC(=O)Nc5ccc(cc5)C(=O)N6CCS(=O)(=O)CC6)cc4C3=O)c2c1)c7c(C)nn(C)c7C,0.4
CN1CCN(CC1)C(=O)c2ccc(NC(=O)Nc3ccc(Nc4nc(Nc5ccc(cc5)C(=O)N)c6cnn(C)c6n4)cc3)cc2,0.4
CN(CCO)C(=O)c1ccc(NC(=O)Nc2ccc(Nc3nc(Nc4ccc(cc4)C(=O)N)c5cnn(C)c5n3)cc2)cc1,0.4
CC(C)N1CCN(CC1)C(=O)c2ccc(NC(=O)Nc3ccc(Nc4nc(Nc5ccc(cc5)C(=O)N)c6cnn(C)c6n4)cc3)cc2,0.4
O=C(CN1CCOCC1)Nc2ccc(cc2OCCC3CC3)c4cccc5C(=O)C=C(Oc45)N6CCOCC6,0.4
COc1ncc2cc1NS(=O)(=O)c3cccc(c3)C(=O)NCc4cncc(c4)c5cnn6ccc2nc56,0.4
COc1ncc2cc1NS(=O)(=O)c3cccc(c3)C(=O)NCc4cncc(c4)c5cnc6ccc2nn56,0.4
COc1ncc2cc1NS(=O)(=O)c3cccc(c3)C(=O)NCc4cccc(c4)c5cnc6ccc2nn56,0.4
COc1ccc(cc1O)c2nn(C)c3ncnc(N)c23,0.403
CC(=O)Nc1nc2ccc(cc2s1)c3ccnc(Oc4ccccc4)n3,0.4049
COc1ccc(cc1OC)c2ccc3nc(C)c(c4ccn(n4)S(=O)(=O)c5ccc(cc5)C#N)n3n2,0.408
CC(=O)Nc1nc2ccc(cc2s1)c3ccnc(NCc4ccccc4)n3,0.4183
CC(=O)Nc1nc(C)c(s1)c2cnc(Cl)c(c2)S(=O)(=O)C,0.42
CC(C)n1nc(C)nc1c2cn3CCOc4cc(F)c(cc4c3n2)[C@H](C)N5CCN(CC5)C(C)(C)CO,0.42188
CC(=O)Nc1nc2ccc(cc2s1)c3ccnc(OCc4cccc(F)c4)n3,0.4268
Oc1cc(ccc1NC(=O)CN2CCOCC2)c3cccc4C(=O)C=C(Oc34)N5CCOCC5,0.43
CCOc1cc(ccc1OC)c2nn(C(C)C)c3ncnc(N)c23,0.433
Nc1ncc(cc1C(F)(F)F)c2cnc3sc(nn23)c4cccc(c4)S(=O)(=O)N5CCOCC5,0.437
CN(c1cc(ccn1)c2ccc3nc(NC(=O)C)sc3c2)S(=O)(=O)c4ccc(C)cc4,0.4377
C1CN(CCO1)c2nc(cn3cc(nc23)C4CC4)c5cccc6[nH]ncc56,0.438
Nc1cccc(c1)c2nc(N3CCOCC3)c4cc(O)ccc4n2,0.44
C(Cc1ccncc1)Nc2nc(cc(n2)c3cccc4[nH]ncc34)N5CCOCC5,0.44
CC(C)n1nc(c2ccc3ccncc3c2)c4c(N)ncnc14,0.443
Oc1cccc(c1)c2cn3cc(CN4CCOCC4)nc3c(n2)N5CCOCC5,0.444
COc1ccc(cc1OC)c2nn3c(cnc3s2)c4cnc(N5CCN(C)CC5)c(c4)C(F)(F)F,0.447
O=C1NC(=S)S/C/1=C\c2ccc3OCOc3c2,0.45
CC(C)n1nc(c2ccc3[nH]cc(C=O)c3c2)c4c(N)ncnc14,0.45
CC(=O)N1CCN(Cc2cn3cc(nc(N4CCOCC4)c3n2)c5cccc(O)c5)CC1,0.451
CC(=O)Nc1nc2ccc(cc2s1)c3ccnc(OCc4cccnc4)n3,0.452
COc1ccc(cc1)c2nn3c(cnc3s2)c4cnc(N)c(c4)C(F)(F)F,0.454
COc1ccc(cc1OC)c2ccc3nc(C)c(c4cncc(c4)C#N)n3n2,0.455
COc1cc(ccc1OCCNC(=O)c2cccc(c2)C#N)c3ccc4nc(C)c(c5cnc(N)c(c5)C(F)(F)F)n4n3,0.456
Nc1noc2ccc(\C=C\3/SC(=O)NC3=O)cc12,0.46
CNc1nc(C)c2C=C(C(=O)Nc2n1)c3ccc(OC)nc3,0.46
COc1ccc(cc1OC)c2c[nH]c3ncc(cc23)c4cncc(N)c4,0.46
CN(c1nccc(n1)c2ccc3nc(NC(=O)C)sc3c2)S(=O)(=O)c4cccc5cnccc45,0.4617
CC(C)n1nc(c2ccc3nc(C)ccc3c2)c4c(N)ncnc14,0.462
COc1ccc(cc1OC)c2nn(c3ncnc(N)c23)C(C)(C)C,0.464
CC(C)n1nc(c2ccc3NC(=NN)C=Cc3c2)c4c(N)ncnc14,0.467
Cc1ccncc1c2cn3cc(CN4CCN(CC4)S(=O)(=O)C)nc3c(n2)N5CCOCC5,0.468
CCNC(=S)Nc1ccc(Nc2nc3ccccc3n2c4nc(C)nc(N)n4)cc1,0.469732
Cc1nc(N)nc2N([C@@H]3CC[C@@H](O)CC3)C(=O)C(=Cc12)c4ccc(nc4)C#N,0.47
CCOc1cc(ccc1NC(=O)CN2CCOCC2)c3cccc4C(=O)C=C(Oc34)N5CCOCC5,0.47
CC(C)(C)OC(=O)N1CCN(Cc2cn3cc(nc(N4CCOCC4)c3n2)c5cccc(O)c5)CC1,0.476
CC(C)n1nc(c2cccc(O)c2)c3c(N)ncnc13,0.48
Nc1ncnc2c1c(nn2C3CCC3)c4ccc(F)c(O)c4,0.482
Cc1nc(N)nc(n1)n2c(Nc3ccn[nH]3)nc4cc(F)c(F)cc24,0.485173
CC(=O)Nc1nc2ccc(cc2s1)c3cnccc3C,0.4856
CC(C)(C)c1nn(c2NC3=C(C(c4ccc(OCc5ccccc5)c(OCc6ccccc6)c4)c12)C(=O)CC(C)(C)C3)C(C)(C)C,0.5
CNC(=O)Nc1ccc2O\C(=C/c3c([nH]c4ccc(OC)cc34)c5c(C)nn(C)c5C)\C(=O)c2c1,0.5
COc1ccc2[nH]c(c(\C=C\3/Oc4ccc(NC(=O)Nc5cccnc5)cc4C3=O)c2c1)c6c(C)nn(C)c6C,0.5
COc1cc(F)c2[nH]c(c(\C=C\3/Oc4ccc(NC(=O)NCCN)cc4C3=O)c2c1)c5c(C)nn(C)c5C,0.5
COc1ccc2c(c1)c(\C=C\3/Oc4ccc(NC(=O)Nc5ccc(cc5)C(=O)N6CCN(C)CC6)cc4C3=O)c(C)n2CCN7CCN(C)CC7,0.5
O.COC[C@H]1OC(=O)\C(=C\N(CC=C)CC=C)\C2=C(O)C(=O)C3=C([C@@H](C[C@@]4(C)C3CCC4=O)OC(=O)C)[C@@]12C,0.5
O.CN(N=Cc1cnn2ccc(cc12)C#N)S(=O)(=O)c3cc(ccc3Cl)[N+](=O)[O-],0.5
C(Oc1cc(nc(n1)N2CCOCC2)c3cccc4[nH]ncc34)c5ccccn5,0.5
CCN(N=Cc1cnn2ccc(cc12)C#N)S(=O)(=O)c3cc(ccc3C)[N+](=O)[O-],0.5
COc1ncc2cc1NS(=O)(=O)c3cc(C(=O)NCc4cccc(c4)c5cnn6ccc2nc56)c(F)cc3F,0.5
CC(=O)Nc1nc2ccc(cc2s1)c3ccnc(OCC(C)(C)C)n3,0.5013
COc1nccc(n1)c2ccc3nc(NC(=O)C)sc3c2,0.5052
CC(C)Nc1cc(cnc1Cl)c2ccc3nc(N)sc3c2,0.5094
CC(C)n1nc(c2ccc(O)cc2)c3c(N)ncnc13,0.51
CN1CCN(CC1)c2cnc3c(nc(cn23)c4cccc(O)c4)N5CCOCC5,0.512
COc1cc(ccc1N)c2nn(C3CCCC3)c4ncnc(N)c24,0.52
CC(=O)Nc1nc2ccc(cc2s1)c3ccnc(OCc4ccncc4)n3,0.5228
Nc1ncnc2c1c(nn2C3CCCC3)c4ccc(F)c(O)c4,0.525
CS(=O)(=O)N1CCN(CC1)c2cnc3c(nc(cn23)c4cccc(O)c4)N5CCOCC5,0.526
Nc1ncnc2c1c(nn2C3CCCC3)c4ccc5[nH]ccc5c4,0.531
CN(c1cncc(c1)c2ccc3nc(NC(=O)C)sc3c2)S(=O)(=O)c4ccc(Cl)cc4,0.5392
CC(=O)Nc1nc2ccc(cc2s1)c3ccnc(OCCO)n3,0.5399
Oc1cccc(c1)c2cn3cc(CN4CCNC(=O)C4)nc3c(n2)N5CCOCC5,0.54
CC1(C)OCCn2c1nc3c(nc(nc23)c4ccc(N)cc4)N5CCOCC5,0.541
COc1cc(ccc1F)c2nn(C(C)C)c3ncnc(N)c23,0.543
COc1cc(F)c2[nH]c(c(\C=C\3/Oc4ccc(NC(=O)Nc5ccc(cc5)C(=O)N6CCOCC6)cc4C3=O)c2c1)c7c(C)nn(C)c7C,0.55
CNC(=O)Nc1ccc2O\C(=C/c3c([nH]c4c(F)cc(OC)cc34)c5c(C)n[nH]c5C)\C(=O)c2c1,0.55
CC(=O)Nc1nc2ccc(cc2s1)c3csc(n3)S(=O)(=O)c4ccccc4F,0.5556
C1CN(CCO1)c2ncnc3c2oc4ncccc34,0.56
COc1ccc(cc1OC)c2nn(C[C@H](C)CO)c3ncnc(N)c23,0.57
CC(=O)Nc1nc(C)c(s1)c2cncc(c2)S(=O)(=O)NCCO,0.57
Oc1cc(F)ccc1c2oc(C=C3SC(=O)NC3=O)cc2,0.5705
COc1cccc(c1)c2nc(N3CCOCC3)c4cc(O)ccc4n2,0.6
COc1nc(nc(n1)c2ccc(NC(=O)Nc3ccc(cc3)C(=O)NCCN(C)C)cc2)N4CCOCC4,0.6
CN1CCN(CC1)C(=O)c2ccc(NC(=O)Nc3ccc(cc3)c4nc(OC5COC5)nc(n4)N6CCOCC6)cc2,0.6
COc1ccc2[nH]c(c(\C=C\3/Oc4ccc(NC(=O)Nc5ccc(cc5)C(=O)N(C)C)cc4C3=O)c2c1)c6c(C)nn(C)c6C,0.6
CCn1cc(\C=C\2/Oc3ccc(NC(=O)Nc4ccc(cc4)C(=O)N(C)CCN(C)C)cc3C2=O)c5cc(OC)ccc15,0.6
COc1ccc2c(c1)c(\C=C\3/Oc4ccc(NC(=O)NCCN)cc4C3=O)c(c5ccccc5)n2CCN6CCN(C)CC6,0.6
CNCCNC(=O)c1ccc(NC(=O)Nc2ccc3O\C(=C/c4c(C)n(CCN5CCN(C)CC5)c6ccc(OC)cc46)\C(=O)c3c2)cc1,0.6
COc1cc(F)c2[nH]c(c(\C=C\3/Oc4ccc(NC(=O)Nc5ccc(cc5)C(=O)N6CCN(CCO)CC6)cc4C3=O)c2c1)c7c(C)nn(C)c7C,0.6
Fc1ccc(c(F)c1)S(=O)(=O)Nc2cncc(c2)c3ccc4ncc(c5nn[nH]n5)n4c3,0.6
CC(=O)Nc1nc2ccc(cc2s1)c3ccnc(OCCCN4CCOC4=O)n3,0.6012
CCOc1ccc(cc1OC)c2nn(C3CCCCC3)c4ncnc(N)c24,0.615
COCCCNC(=O)c1cn2cc(nc(N3CCOCC3)c2n1)c4cccnc4,0.617
N#Cc1cn2cc(nc(N3CCOCC3)c2n1)c4cccc5[nH]ncc45,0.618
CCOc1ccc(cc1OC)c2nn(C(C)C)c3ncnc(N)c23,0.62
CC(=O)c1c[nH]c2ncc(cc12)c3cncc(NS(=O)(=O)c4ccccc4)c3,0.62
CC(CN1CCOCC1)Oc2cncc(c2)c3ccc4nc(NC(=O)C)sc4c3,0.6372
CC1(C)OCCn2c1nc3c(nc(nc23)c4ccccc4NS(=O)(=O)C)N5CCOCC5,0.638
OCc1cn2cc(nc(N3CCOCC3)c2n1)c4cccc(O)c4,0.639
Cc1ccc(cc1O)c2nn(C)c3ncnc(N)c23,0.64
CC(=O)Nc1nc2ccc(nc2s1)c3cccc(N)c3,0.6415
CC(C)n1nc(c2ccc3c(ccn3C)c2)c4c(N)ncnc14,0.642
Nc1ncnc2c1c(nn2[C@H]3CCOC3)c4ccc(F)c(O)c4,0.65
Nc1ccc(cc1O)c2nn(C3CCCC3)c4ncnc(N)c24,0.65
COc1cc(F)c2[nH]c(c(\C=C\3/Oc4ccc(NC(=O)Nc5ccc(cc5)C(=O)N6CCN(C)C(C)C6)cc4C3=O)c2c1)c7c(C)nn(C)c7C,0.65
CC(C)n1nc(c2ccc3[nH]ccc3c2)c4c(N)ncnc14,0.652
Nc1ncnc2c1c(nn2[C@@H]3CCOC3)c4ccc(F)c(O)c4,0.66
C(Cc1cccnc1)Nc2cc(nc(n2)N3CCOCC3)c4cccc5[nH]ncc45,0.66
CC(C)(C)OC(=O)Nc1nc2ccc(cc2s1)c3oc(NS(=O)(=O)c4ccc(F)cc4)nn3,0.6634
CN1c2ncc(cc2NC1(C)C)c3ccc4nc(NC(=O)C)sc4c3,0.6638
CC(=O)Nc1nc2ccc(cc2s1)c3ccnc(OCCCO)n3,0.6639
Nc1nc2ccc(cc2s1)c3oc(NS(=O)(=O)c4ccc(F)cc4)nn3,0.6647
Cl.Oc1cccc(c1)c2nc(N3CCOCC3)c4sccc4n2,0.668333333
Cc1nc2ccccn2c1c3ccn(n3)S(=O)(=O)c4ccc(F)cc4,0.67
Nc1ncc(cc1C(F)(F)F)c2cnc3sc(nn23)c4ccc5[nH]ccc5c4,0.676
CCOC(=O)c1cn2cc(nc(N3CCOCC3)c2n1)c4cccc5[nH]ncc45,0.676
CCNC(=O)Nc1ccc2ncc(Nc3ccc(NC(=O)C)cc3)nc2n1,0.677
Cc1nc(N)nc2N(CC(C)(C)O)C(=O)C(=Cc12)Br,0.68
CCNC(=O)Nc1ccc2ncc(Nc3cccc(c3)C(=O)NC)nc2n1,0.683
CC1(C)OCCn2c1nc3c(nc(nc23)c4ccnc(N)c4)N5CCOCC5,0.685
COc1cc(C)c(cn1)c2ccc3nc(NC(=O)C)sc3c2,0.6878
Oc1cccc(c1)c2nc(cc(n2)c3ccc(Cl)cc3)N4CCOCC4,0.69
CC(=O)Nc1cn2nc(ccc2n1)c3cc(NS(=O)(=O)c4ccc(F)cc4)c(Cl)nn3,0.691
Nc1ncnc2c1c(nn2CCCC#N)c3ccc(F)c(O)c3,0.693
COCCNc1nccc(n1)c2ccc3nc(NC(=O)C)sc3c2,0.6955
Clc1ccc(cc1)N2C(=Nc3ccccc3C2=O)CSc4ncnc5[nH]cnc45,0.7
COC[C@H]1OC(=O)c2coc3C(=O)C4=C([C@@H](C[C@@]5(C)[C@H]4CCC5=O)C(=O)OCN(C)c6ccc(c7nonc67)[N+](=O)[O-])[C@]1(C)c23,0.7
N[C@H]1CCC[C@@H](CC(=O)Nc2cccc(c2)c3nc(cc(n3)c4cccc(CO)c4)N5CCOCC5)C1,0.7
CCn1c(C)c(\C=C\2/Oc3ccc(NC(=O)Nc4ccc(cc4)C(=O)N5CCOCC5)cc3C2=O)c6cc(OC)ccc16,0.7
Cn1ncc2c(Nc3ccc(cc3)C(=O)N)nc(Nc4ccc(NC(=O)Nc5ccc(cc5)C(=O)N6CCOCC6)cc4)nc12,0.7
COc1ccc(cc1O)c2n[nH]c3ncnc(N)c23,0.705
CC(=O)Nc1nc2ccc(cc2s1)c3ccc(OC(F)F)nc3,0.7167
Oc1cccc(c1)c2cc(NCc3cccnc3)nc(n2)N4CCOCC4,0.72
CC(C)n1nc(C)nc1c2cn3CCOc4cc(F)c(cc4c3n2)[C@H](C)N5CCN(CC(C)(C)O)CC5,0.7236
CC(=O)Nc1nc2ccc(cc2s1)c3ccnc(OCCCCO)n3,0.7267
CC(=O)c1c[nH]c2ncc(cc12)c3cnc(N)c(c3)S(=O)(=O)N4CCOCC4,0.73
Cc1nc2c(nc(cn2c1C3=CCNCC3)c4cccc5[nH]ncc45)N6CCOCC6,0.731
CN1CCN(CC1)C(=O)c2cn3cc(nc(N4CCOCC4)c3n2)c5cccc6[nH]ncc56,0.741
CCNC(=O)Nc1ccc2ncc(nc2n1)c3ccc(NC(=O)COCCOC)cc3,0.749
CCC(C)n1nc(c2ccc(C)c(O)c2)c3c(N)ncnc13,0.75
CNC(=O)Nc1ccc2O\C(=C/c3c([nH]c4c(F)cc(OC)cc34)c5c(C)nn(C)c5C)\C(=O)c2c1,0.75
CC(C)n1nc(c2ccc3ccc(C)nc3c2)c4c(N)ncnc14,0.752
Cc1nc2ccc(Cl)cn2c1c3ccn(n3)S(=O)(=O)c4ccc(F)cc4,0.76
C(Cc1ccncc1)Nc2cc(nc(n2)N3CCOCC3)c4cccc5[nH]ncc45,0.77
CC(=O)NCCNC(=O)c1cn2cc(nc(N3CCOCC3)c2n1)c4cccc5[nH]ncc45,0.776
Cc1ccc(cn1)c2cn3cc(CN4CCN(CC4)S(=O)(=O)C)nc3c(n2)N5CCOCC5,0.776
Cl.CN(N=Cc1cnc2ccc(cn12)C(=O)N)S(=O)(=O)c3cc(ccc3C)[N+](=O)[O-],0.78
COc1ccc(cc1)S(=O)(=O)n2ccc(n2)c3c(C)nc4ccc(nn34)c5ccc(OC)c(OC)c5,0.781
CC(=O)Nc1cn2nc(ccc2n1)c3ccnc(F)c3,0.782
C[C@@H](CN)n1nc(c2ccc(Cl)c(O)c2)c3c(N)ncnc13,0.784
CNC(=O)c1ccc(cc1F)c2ccc3c(c2)nc(Nc4cc[nH]n4)n3c5nc(C)nc(NC)n5.CNC(=O)c6ccc(cc6F)c7ccc8nc(Nc9cc[nH]n9)n(c%10nc(C)nc(NC)n%10)c8c7,0.787953
CCNc1nc(C)c2C=C(C(=O)N(C3CCCC3)c2n1)c4cccc(OC)c4,0.792
CC(=O)Nc1nc2ccc(cc2s1)c3cncc(OCCN4CCC(F)C4=O)c3,0.7935
CC(C)n1nc(c2ccc3nc(Cl)ccc3c2)c4c(N)ncnc14,0.8
CN(N=Cc1cncc2ccccc12)S(=O)(=O)c3cc(ccc3C)[N+](=O)[O-],0.8
CNCCN(C)C(=O)c1ccc(NC(=O)Nc2ccc(cc2)c3nc(OC)nc(n3)N4CCOCC4)cc1,0.8
COc1ccc2c(c1)c(\C=C\3/Oc4ccc(NC(=O)Nc5ccc(NC(=O)CCN(C)C)cc5)cc4C3=O)c(C)n2CCN6CCN(C)CC6,0.8
COc1cc(F)c2[nH]c(c(\C=C\3/Oc4ccc(NC(=O)NCCN(C)C)cc4C3=O)c2c1)c5c(C)nn(C)c5C,0.8
CCn1c(C)c(\C=C\2/Oc3ccc(NC(=O)Nc4ccc(cc4)C(=O)NCCCN(C)C)cc3C2=O)c5cc(OC)ccc15,0.8
CCOC(=O)c1cnc2ccc(cn12)c3cncc(NS(=O)(=O)c4ccccc4)c3,0.8
O=S(=O)(Nc1cncc(c1)c2ccc3ncc(c4nn[nH]n4)n3c2)c5ccccc5,0.8
COc1ccc(cc1S(=O)(=O)N(C)N=Cc2cnn3ccc(cc23)C#N)[N+](=O)[O-],0.8
COc1ncc2cc1NS(=O)(=O)c3cccc(c3)C(=O)NCCn4cc(cn4)c5ncnc6c(C)c2sc56,0.8
CC(C)n1nc(c2cc(O)cc(Br)c2)c3c(N)ncnc13,0.802
COc1ccc(cc1OC)c2c[nH]c3ncc(cc23)c4cncc(NS(=O)(=O)c5ccccc5)c4,0.806
COc1ccccc1Sc2nccc(n2)c3ccc4nc(NC(=O)C)sc4c3,0.8094
Cc1nc(N)nc2N(C3CCOCC3)C(=O)C(=Cc12)c4cnc(O)nc4,0.81
CCOc1ccc(cc1O)c2nn(C3CCCC3)c4ncnc(N)c24,0.813
C(N1CCC2(CCNCC2)CC1)c3cn4cc(nc(N5CCOCC5)c4n3)c6cccc7[nH]ncc67,0.813
C(Cc1cccnc1)Nc2nc(cc(n2)c3cccc4[nH]ncc34)N5CCOCC5,0.82
Cc1nc2ccc(nn2c1c3cnc(N)c(c3)C(F)(F)F)c4ccc(OCC5(COC5)NC(=O)OCc6ccccc6)cc4,0.821
COc1ccc(cn1)C2=Cc3c(C)nc(NCC(C)(C)O)nc3N(C4CCCC4)C2=O,0.83
Cn1ccc2cc(ccc12)c3nn(C4CCCC4)c5ncnc(N)c35,0.831
COc1ccc(OC)c(Sc2nccc(n2)c3ccc4nc(NC(=O)C)sc4c3)c1,0.8312
CN(C)CCNC(=O)c1cn2cc(nc(N3CCOCC3)c2n1)c4cccnc4,0.832
CC(=O)Nc1nc2ccc(cc2s1)c3cncc(OCCN4CCOC4=O)c3,0.8368
CC(C)n1nc(C)nc1c2cn3CCOc4cc(ccc4c3n2)c5ncnn5C6CCN(CC6)C(C)(C)C,0.83742
CC(=O)Nc1nc2ccc(cc2s1)c3csc(n3)S(=O)(=O)c4ccccc4,0.8455
C(N1CC2CNCC2C1)c3cn4cc(nc(N5CCOCC5)c4n3)c6cccc7[nH]ncc67,0.851
COc1ncccc1C2=Cc3c(C)nc(N)nc3N(C4CCCC4)C2=O,0.856
CCOC(=O)C.CN(N=Cc1cnc2ccccn12)S(=O)(=O)c3cc(ccc3C)[N+](=O)[O-],0.86
Oc1cccc(c1)c2cc(nc(OCc3ccccn3)n2)N4CCOCC4,0.86
Oc1cccc(c1)c2cc(nc(NCc3ccncc3)n2)N4CCOCC4,0.86
Nc1ncnc2c1c(nn2[C@H]3CCNC3)c4ccc(Cl)c(O)c4,0.863
Oc1cccc(c1)c2cc(nc(NCc3cccnc3)n2)N4CCOCC4,0.88
CN(C)C(=O)c1cn2cc(nc(N3CCOCC3)c2n1)c4cccc5[nH]ncc45,0.891
NC(=O)c1cn2cc(nc(N3CCOCC3)c2n1)c4c(F)ccc5[nH]ccc45,0.891
Oc1cccc(c1)c2cn3c(cnc3c(n2)N4CCOCC4)N5CCNCC5,0.897
CC(=O)Nc1nc2ccc(cc2s1)c3ccnc(NC4CCOCC4)n3,0.8998
Oc1cccc(c1)c2cc(NCc3ccccn3)nc(n2)N4CCOCC4,0.9
COc1cccc(c1)c2onc(n2)C3=Cc4cc(OC)ccc4NC3=O,0.9
COc1ccc2[nH]cc(\C=C\3/Oc4ccc(NC(=O)Nc5ccc(cc5)C(=O)N6CCN(C)CC6)cc4C3=O)c2c1,0.9
CCn1c(C)c(\C=C\2/Oc3ccc(NC(=O)Nc4ccc(cc4)C(=O)C5CCN(C)CC5)cc3C2=O)c6cc(OC)ccc16,0.9
CN(N=Cc1cnn2ccc(cc12)C#N)S(=O)(=O)c3cc(ccc3C)[N+](=O)[O-],0.9
COc1ncc2cc1NS(=O)(=O)c3cccc(c3)C(=O)NCc4cccc(c4)c5cnn6ccc2nc56,0.9
Cc1ccc(cc1S(=O)(=O)n2ccc(n2)c3cnc4ccc(Br)cn34)[N+](=O)[O-],0.9009
CC(=O)Nc1nc2ccc(cc2s1)c3ccnc(Sc4ccccc4C(C)(C)C)n3,0.9084
CC(C)Nc1cc(cnc1OCCN(C)C)c2ccc3nc(NC(=O)C)sc3c2,0.9144
COc1cccc(NC(=O)NCCCOc2ccc(cc2OC)c3ccc4nc(C)c(c5cnc(N)c(c5)C(F)(F)F)n4n3)c1,0.925
CN(c1nccc(n1)c2ccc3nc(NC(=O)C)sc3c2)S(=O)(=O)c4cn(C)cn4,0.9289
Nc1ccc(cc1)c2nc(N3CCOCC3)c4cc(O)ccc4n2,0.93
CS(=O)(=O)C1(CC1)c2cc(nc(n2)c3cccc4[nH]ccc34)N5CCOCC5,0.94
NC(=O)c1cn2cc(nc(N3CCOCC3)c2n1)c4cccc5[nH]ccc45,0.944
CCn1cc(\C=C\2/Oc3ccc(NC(=O)Nc4ccc(cc4)C(=O)N5CCN(C)CC5)cc3C2=O)c6cc(OC)ccc16,0.95
CNCCNC(=O)Nc1ccc2O\C(=C/c3c([nH]c4c(F)cc(OC)cc34)c5c(C)nn(C)c5C)\C(=O)c2c1,0.95
CNC(=O)Nc1ccc2O\C(=C/c3c(c4c(C)nn(C)c4C)n(CCN5CCNCC5)c6ccc(OC)cc36)\C(=O)c2c1,0.95
CS(=O)(=O)Nc1cccc(c1)c2c[nH]c3ncc(cc23)c4cncc(NS(=O)(=O)c5ccccc5)c4,0.95
CC(C)(C)Nc1cc(cnc1Cl)c2ccc3nc(N)sc3c2,0.9649
CC(=O)Nc1cn2nc(ccc2n1)c3cccc(N)c3,0.982
CC(Oc1cnc(Cl)c(c1)c2ccc3nc(NC(=O)C)sc3c2)C#N,0.9834
Cc1nc2ccc(nn2c1c3cnc(N)c(c3)C(F)(F)F)c4ccc5OCOc5c4,0.985
COc1ccc(cc1F)c2cccc3nc(NC(=O)C)sc23,0.9975
CC(C)n1nc(c2cccc(c2)S(=O)(=O)N)c3c(N)ncnc13,1
Cc1ccc(cc1)C2C3=C(CC(C)(C)CC3=O)Nc4c2c(nn4c5ccc(C)cc5)C(C)(C)C,1
NC(=O)C1CCN(CC1)c2cccc(c2)c3nc(cc(n3)c4cccc(O)c4)N5CCOCC5,1
NCc1cccc(c1)C(=O)Nc2cccc(c2)c3nc(cc(n3)c4cccc(CO)c4)N5CCOCC5,1
Oc1cccc(c1)c2cc(NCc3ccncc3)nc(n2)N4CCOCC4,1
Cl.CCn1nnc2c(nc(nc12)c3ccc(NC(=O)Nc4ccc(cc4)C(=O)NCCN(C)C)cc3)N5CCOCC5,1
C[C@@]12[C@H](O)CC(=O)c3coc(C(=O)c4c5CCC(=O)c5ccc14)c23,1
CC(C)Oc1nc(nc(n1)c2ccc(NC(=O)Nc3ccc(cc3)C(=O)N(C)CCN(C)C)cc2)N4CCOCC4,1
COc1ccc2[nH]c(c(C=C3Oc4cc(O)cc(O)c4C3=O)c2c1)c5cccnc5,1
CNC(=O)Nc1ccc2O\C(=C/c3c([nH]c4ccc(OC)cc34)c5cnn(C)c5C)\C(=O)c2c1,1
Cn1ncc2c(Nc3ccc(cc3)C(=O)N)nc(Nc4ccc(NC(=O)Nc5cccnc5)cc4)nc12.OC(=O)C(F)(F)F,1
Fc1ccc(NS(=O)(=O)c2cncc(c2)c3ccc4nccc(c5ccncc5)c4c3)c(F)c1,1
COc1ccc(cn1)c2nc(N3CCOCC3)c4nc(CN5CCN(CC5)S(=O)(=O)C)cn4c2Cl,1
Oc1cccc(c1)c2cc(nc(NCc3ccccn3)n2)N4CCOCC4,1
CN(Cc1cc2nc(nc(N3CCOCC3)c2s1)c4cnc(N)nc4)S(=O)(=O)C,1
CN1CCN(CC1)C(=O)c2cccc(c2)c3cc4nc(nc(N5CCOCC5)c4s3)c6cnc(N)nc6,1
Cc1ccc(cc1S(=O)(=O)n2ccc(n2)c3c(C)nc4ccc(Br)cn34)[N+](=O)[O-],1.002066667
Cc1nc2ccc(nn2c1c3cnc(N)c(c3)C(F)(F)F)c4ccc(OCC5(COC5)NC(=O)OC(C)(C)C)cc4,1.008
COc1cc(ccc1OC2CCNCC2)c3ccc4nc(C)c(c5ccc(cc5)S(=O)(=O)C)n4n3,1.044
Nc1ccc(cc1)C#Cc2n[nH]c3ccccc23,1.05
CN(c1cncc(c1)c2ccc3nc(NC(=O)C)sc3c2)S(=O)(=O)c4ccc(cc4)C(F)(F)F,1.0525
CC(C)n1nc(C)nc1c2cn3CCOc4cc(ccc4c3n2)N5CCCC5C6CCCCN6C,1.053849
CC(C)n1nc(c2ccc3occc3c2)c4c(N)ncnc14,1.06
COCCCOc1nccc(n1)c2ccc3nc(NC(=O)C)sc3c2,1.0624
CC(=O)Nc1nc2ccc(cc2s1)c3cncc(OCCN4CCCC4=O)c3,1.0762
CC(=O)Nc1nc2ccc(cc2s1)c3ccnc(OCCc4cccnc4)n3,1.0984
Cc1nn(nc1Cn2nc(c3ccc(F)c(O)c3)c4c(N)ncnc24)c5ccccc5,1.099
CCNC(=O)Nc1ccc2ncc(Nc3ccc(cc3)S(=O)(=O)C)nc2n1,1.1
Cn1nc(c2ccc3ccccc3c2)c4c(N)ncnc14,1.1
CCNc1nc(C)c2C=C(CCC(=O)N)C(=O)N(C3CCCC3)c2n1,1.1
COc1ccc2c(c1)c(\C=C\3/Oc4cc(O)cc(O)c4C3=O)c5C(=O)OCCn25,1.1
COc1ccc2c(c1)c(\C=C\3/Oc4ccc(NC(=O)NCCN)cc4C3=O)c(C5CCCC5)n2CCN6CCN(C)CC6,1.1
COc1ccc2c(c1)c(\C=C\3/Oc4ccc(NC(=O)Nc5ccc(cc5)C(=O)N6CCOCC6)cc4C3=O)c(C)n2CCN7CCN(C)CC7,1.1
CNCCNC(=O)Nc1ccc2O\C(=C/c3c(C4CCCCC4)n(CCN5CCN(C)CC5)c6ccc(OC)cc36)\C(=O)c2c1,1.1
Cc1nc(N)ncc1c2nc(N3CCOCC3)c4sc(CN5CCN(CC5)S(=O)(=O)C)cc4n2,1.1
CC(C)n1nc(c2sc(C=O)cc2C)c3c(N)ncnc13,1.1
Nc1ncc(cc1S(=O)(=O)Nc2ccc(F)cc2F)c3ccc4nccc(c5ccncc5)c4c3,1.1
C(Cc1ccccn1)Nc2nc(cc(n2)c3cccc4[nH]ncc34)N5CCOCC5,1.1
NC(=O)COc1cc(ccc1NC(=O)CN2CCOCC2)c3cccc4C(=O)C=C(Oc34)N5CCOCC5,1.1
Cc1ccc(c2nc(nc(n2)n3ccnc3C)N4CCOCC4)c5cc[nH]c15,1.1
CCn1nnc2c(nc(nc12)c3ccc(NC(=O)Nc4ccc(cc4)C(=O)N5CCN(C)CC5)cc3)N6CCOCC6,1.133333333
CNC(=O)Nc1ccc2O\C(=C/c3c(c4ccc(CN(C)C)cc4)n(CCN5CCN(C)CC5)c6ccc(OC)cc36)\C(=O)c2c1,1.15
CS(=O)(=O)Nc1cc(cnc1Cl)c2ccc3nc(N)c(c4ccc(F)c(c4)C(=O)O)n3n2.OC(=O)C(F)(F)F,1.172
CC(=O)Nc1nc2ccc(cc2s1)c3cncc(OCCN4CCC(F)(F)C4=O)c3,1.1798
Fc1oc2cc(\C=C\3/SC(=O)NC3=O)ccc2c1,1.2
CCNC(=O)Nc1ccc2ncc(nc2n1)c3ccc(NC(=O)OC(C)(C)C)cc3,1.2
CCNC(=O)Nc1ccc2ncc(nc2n1)c3ccc(NC(=O)OCCOC)cc3,1.2
CCn1cc(CNC(=O)C2=Cc3c(C)nc(NC)nc3N(C4CCCC4)C2=O)cn1,1.2
Cl.CCn1nnc2c(nc(nc12)c3ccc(NC(=O)Nc4ccc(cc4)C(=O)N5CCN(C)CC5)cc3)N6CCOCC6,1.2
COc1nc(nc(n1)c2ccc(NC(=O)Nc3ccc(cc3)C(=O)N4CCN(C)CC4)cc2)N5CCOCC5,1.2
CC1(C)CCN(CC1)C(=O)c2ccc(NC(=O)Nc3ccc(cc3)c4nc(O[C@H]5CCOC5)nc(n4)N6CCOCC6)cc2,1.2
COCCCNc1nccc(n1)c2ccc3nc(NC(=O)C)sc3c2,1.2107
COc1ccc(cc1)c2nn(C(C)C)c3ncnc(N)c23,1.25
CNC(=O)Nc1ccc2O\C(=C/c3c(c4ccccc4)n(CCN5CCN(C)CC5)c6ccc(OC)cc36)\C(=O)c2c1,1.25
CNC(=O)Nc1ccc2O\C(=C/c3c([nH]c4ccc(OC)cc34)c5cn(C)nc5C)\C(=O)c2c1,1.25
CC(C)n1nc(I)c2c(N)ncnc12,1.25
Nc1ncnc2c1c(nn2C3CCCC3)c4cccc(O)c4F,1.27
Cc1nc2ccc(nn2c1c3cncc(c3)C#N)c4ccc(cc4)S(=O)(=O)C,1.286
Oc1ccc2nc(nc(N3CCOCC3)c2c1)c4ccccc4,1.3
CCNC(=O)Nc1ccc2ncc(nc2n1)c3ccc(OC(=O)OCCOC)cc3.Cc4ccc(cc4)S(=O)(=O)O,1.3
CCNC(=O)Nc1ccc(cc1)c2cnc3ccc(NC(=O)NCC)nc3n2,1.3
CCNC(=O)Nc1ccc2ncc(nc2n1)c3ccc(OC(=O)OCCOC)c(OC)c3,1.3
CC(C)n1nc(c2ccc3cc(O)ccc3c2)c4c(N)ncnc14,1.3
Cn1cc(c2cc3ccccc3s2)c4c(N)ncnc14,1.3
COc1ccc2c(c1)c(\C=C\3/Oc4cc(O)cc(O)c4C3=O)c(C5CC5)n2CCn6ccnc6,1.3
CNC(=O)Nc1ccc2O\C(=C/c3c([nH]c4ccc(OC)cc34)c5cnn(CC(C)C)c5)\C(=O)c2c1,1.3
CNC(=O)Nc1ccc2O\C(=C/c3c([nH]c4ccc(OC)cc34)c5cccc(CN(C)C)c5)\C(=O)c2c1,1.3
CS(=O)(=O)N1CCC2(CCN(Cc3cn4cc(nc(N5CCOCC5)c4n3)c6cccc7[nH]ncc67)CC2)CC1,1.3
NC(=O)c1cn2cc(nc(N3CCCCC3)c2n1)c4cnc(N)nc4,1.3
C(Cc1ccccn1)Nc2cc(nc(n2)N3CCOCC3)c4cccc5[nH]ncc45,1.3
CC(C)n1ncnc1c2nc3c(CCOc4cc(ccc34)c5cn(C)cn5)s2,1.3
Cc1ccc(cc1S(=O)(=O)N(CCO)N=Cc2cnn3ccc(cc23)C#N)[N+](=O)[O-],1.3
COc1ncc2cc1NS(=O)(=O)c3cccc(c3)C(=O)NCCn4cc(cn4)c5ncnc6ccc2cc56,1.3
CC(C)n1ncnc1c2nc3c(CCOc4cc(ccc34)C(=O)N)s2,1.3
Cc1nc(N)nc(n1)n2c(Nc3ccc(NS(=O)(=O)c4ccc(F)cc4)cc3)nc5ccccc25,1.335177
CC(C)n1nc(c2ccc(O)cc2C)c3c(N)ncnc13,1.35
C(Oc1nc(cc(n1)c2cccc3[nH]ncc23)N4CCOCC4)c5ccccn5,1.35
O=C1NC(=O)\C(=C\c2ccc3C(=O)c4ccccc4C(=O)c3c2)\S1,1.37
CCOc1cc(ccc1OC)c2nn(CCO)c3ncnc(N)c23,1.37
CNC(=O)Nc1ccc2O\C(=C/c3c([nH]c4c(C)cc(OC)cc34)c5c(C)nn(C)c5C)\C(=O)c2c1,1.37
Cc1nc(N)nc(n1)n2c(Nc3ccc(NC(=O)C4CCCC4)cc3)nc5ccccc25,1.371565
CNc1nc(C)nc(n1)n2c(Nc3cc[nH]n3)nc4cc(C)c(C)cc24,1.394119
C1CN(CCO1)c2ncnc3c4cccnc4sc23,1.4
CC(C)n1nc(c2ccc(cc2)C(=O)C)c3c(N)ncnc13,1.4
CC(C)n1nc(c2ccc(C=O)c(F)c2)c3c(N)ncnc13,1.4
Cc1nc(N)nc2N(Cc3ccc(Cl)cc3)C(=O)C(=Cc12)c4ccccc4,1.4
COc1nc(nc(n1)c2ccc(NC(=O)Nc3ccc(cc3)C(=O)N4CCNC(C)(C)C4)cc2)N5CCOCC5,1.4
O=C(Nc1ccc(cc1)C(=O)NCCN2CCCCC2)Nc3ccc(cc3)c4nc(O[C@H]5CCOC5)nc(n4)N6CCOCC6,1.4
O=C(Nc1ccc(cc1)C(=O)NCCN2CCCC2)Nc3ccc(cc3)c4nc(O[C@H]5CCOC5)nc(n4)N6CCOCC6,1.4
CC(C)Oc1nc(nc(n1)c2ccc(NC(=O)Nc3ccc(cc3)C(=O)NC4CCN(C)CC4)cc2)N5CCOCC5,1.4
O=C1NCCC12CCN(Cc3cn4cc(nc(N5CCOCC5)c4n3)c6cccc7[nH]ncc67)CC2,1.4
CS(=O)(=O)C1(CCOCC1)c2cc(nc(n2)c3cccc4[nH]ccc34)N5CCOCC5,1.4
CC(C)n1ncnc1c2nc3c(CCOc4cc(ccc34)c5ccc(N)nc5)s2,1.4
Cc1ccc(cc1S(=O)(=O)n2ccc(n2)c3c(C)nc4ccc(Cl)cn34)[N+](=O)[O-],1.4014
Cc1nc(N)nc2N(C3CCCC3)C(=O)C(=Cc12)c4cccnc4N,1.43
COc1cc(F)c2[nH]c(c(\C=C\3/Oc4ccc(NC(=O)NCCN5CCCC5)cc4C3=O)c2c1)c6c(C)nn(C)c6C,1.45
CONC(=O)Nc1ccc2ncc(nc2n1)c3ccc(O)c(OC)c3,1.5
COc1ccc(cc1OC)c2nn(C[C@@H](C)CO)c3ncnc(N)c23,1.5
Cc1ccc(cc1O)c2n[nH]c3ncnc(N)c23,1.5
COc1cc(ccc1N)c2nn(C(C)C)c3ncnc(N)c23,1.5
CCn1nnc2c(nc(nc12)c3ccc(NC(=O)Nc4ccc(cc4)C(=O)NCCCN5CCN(C)CC5)cc3)N6CCOCC6,1.5
CCn1nnc2c(nc(nc12)c3ccc(NC(=O)Nc4ccc(cc4)C(=O)N(C)C)cc3)N5CCOCC5,1.5
CCn1c(C)c(\C=C\2/Oc3ccc(NC(=O)Nc4ccc(OCCCN(C)C)cc4)cc3C2=O)c5cc(OC)ccc15,1.5
COc1ccc2[nH]c(c(\C=C\3/Oc4cc(O)cc(O)c4C3=O)c2c1)c5c(C)onc5C,1.5
C(N1CCC2(CCNCC2)C1)c3cn4cc(nc(N5CCOCC5)c4n3)c6cccc7[nH]ncc67,1.5
COCCOc1cc(ccc1NC(=O)CN2CCOCC2)c3cccc4C(=O)C=C(Oc34)N5CCOCC5,1.5
CC(C)n1ncnc1c2nc3c(CCOc4cc(ccc34)C5CCNC5)s2,1.5
CCc1ccc(cc1S(=O)(=O)N(C)N=Cc2cnn3ccc(cc23)C#N)[N+](=O)[O-],1.5
COC[C@H]1OC(=O)c2coc3C(=O)C4=C([C@@H](C[C@@]5(C)[C@H]4CCC5=O)OC(=O)C)[C@]1(C)c23,1.533333333
CC1CCN(CCOc2cncc(c2)c3ccc4nc(NC(=O)C)sc4c3)C1=O,1.5392
CC(=O)Nc1nc2ccc(cc2s1)c3ccnc(n3)N4CCC[C@@H]4c5ccccc5C,1.5605
CC(C)n1nc(c2occ(C=O)c2)c3c(N)ncnc13,1.6
CC(C)n1nc(c2cccc(NS(=O)(=O)C)c2)c3c(N)ncnc13,1.6
CC(C)n1nc(c2ccc3[nH]nc(N)c3c2)c4c(N)ncnc14,1.6
CNC(=O)Nc1ccc2O\C(=C/c3c([nH]c4ccc(OC)cc34)C5CCCCC5)\C(=O)c2c1,1.6
CS(=O)(=O)N1CCN(Cc2cc3nc(nc(N4CCOCC4)c3s2)c5cccc(O)c5)CC1,1.6
Cn1ncc2c(Nc3ccc4C(=O)NCc4c3)nc(Nc5ccc(NC(=O)Nc6cccnc6)cc5)nc12,1.6
OCCOc1cc(ccc1NC(=O)CN2CCOCC2)c3cccc4C(=O)C=C(Oc34)N5CCOCC5,1.6
COc1ncc2cc1NS(=O)(=O)c3cccc(c3)C(=O)NCc4cccc(c4)c5ccnc6ccc2cc56,1.6
CC(C)(c1cc(nc(n1)c2cccc3[nH]ccc23)N4CCOCC4)S(=O)(=O)C,1.6
C[C@H](CN)n1nc(c2ccc(Cl)c(O)c2)c3c(N)ncnc13,1.62
Nc1ncnc2c1c(nn2C3CNC3)c4ccc(F)c(O)c4,1.63
COc1cccc(NC(=O)NCCCOc2cc(ccc2OC)c3ccc4nc(C)c(c5cnc(N)c(c5)C(F)(F)F)n4n3)c1,1.64
CCn1c(C)c(\C=C\2/Oc3ccc(NC(=O)Nc4ccc(OCCCNC)cc4)cc3C2=O)c5cc(OC)ccc15,1.65
COc1cccc(c1)c2cccc3nc(NC(=O)C)sc23,1.6756
CC(=O)Nc1nc2ccc(cc2s1)c3ccnc(Cl)n3,1.6974
C1CN(CCO1)c2nc(nc3c4cccnc4sc23)c5ccccc5,1.7
CC(C)n1nc(c2cnc3nccnc3c2)c4c(N)ncnc14,1.7
COCOc1cc(ccc1Br)c2nn(C(C)C)c3ncnc(N)c23,1.7
CCn1nnc2c(nc(nc12)c3ccc(NC(=O)Nc4ccc(cc4)C(=O)NCCN5CCCCC5)cc3)N6CCOCC6,1.7
CN1CCN(CC1)C(=O)c2ccc(NC(=O)Nc3ccc(cc3)c4nc(O[C@H]5CCOC5)nc(n4)N6CCOCC6)cc2,1.7
COc1ccc2c(c1)c(\C=C\3/Oc4cc(O)cc(O)c4C3=O)c(c5cnn(C)c5)n2CCN6CCN(C)CC6,1.7
CNC(=O)Nc1ccc2O\C(=C/c3c(c4cccnc4)n(CCN5CCN(C)CC5)c6ccc(OC)cc36)\C(=O)c2c1,1.7
COc1ccc2c(c1)c(\C=C\3/Oc4cc(O)cc(O)c4C3=O)c(C5CCCCC5)n2CCN6CCN(C)CC6,1.7
CN(C)c1cc(cnc1Cl)c2ccc3nc(NS(=O)(=O)C)sc3c2,1.7228
CCn1nc(C#CCO)c2c(nc(nc12)c3ccc(NC(=O)Nc4cccnc4)cc3)N5CCOCC5,1.75
COc1cc(ccc1OC2CCN(CC2)C(=O)OC(C)(C)C)c3ccc4nc(C)c(c5cnc(N)c(c5)C(F)(F)F)n4n3,1.78
Oc1ccc2nc(nc(N3CCOCC3)c2c1)c4cccc(F)c4,1.8
CCNC(=O)Nc1ccc2ncc(nc2n1)c3ccc(CN4CCOCC4)cc3,1.8
Nc1ncnc2c1c(nn2C3CCCC3)c4cnc5ccccc5c4,1.8
Cn1nc(c2ccc3cc[nH]c3c2)c4c(N)ncnc14,1.8
CCn1nnc2c(nc(nc12)c3ccc(NC(=O)Nc4ccc(cc4)C(=O)N5CCC(CC5)N6CCCCC6)cc3)N7CCOCC7,1.8
CCn1c(C2CCCCC2)c(\C=C\3/Oc4ccc(NC(=O)Nc5ccc(cc5)C(=O)N6CCN(C)CC6)cc4C3=O)c7cc(OC)ccc17,1.8
CS(=O)(=O)N1CCN(Cc2cc3nc(nc(N4CCOCC4)c3s2)c5cccc(CO)c5)CC1,1.8
FC(F)(F)c1cn2cc(nc(N3CCOCC3)c2n1)c4cccc5[nH]ncc45,1.8
Cc1cn2cc(nc(c3ccncc3)c2n1)c4cnc(N)nc4,1.8
CC(C)c1ccc(cc1S(=O)(=O)N(C)N=Cc2cnn3ccc(cc23)C#N)[N+](=O)[O-],1.8
COc1ncc2cc1NS(=O)(=O)c3ccc(F)c(c3)C(=O)NCc4ccc(s4)c5ncnc6c(C)c2sc56,1.8
COc1cc(ccc1OCCNC(=O)Nc2cccc(c2)C#N)c3ccc4nc(C)c(c5cnc(N)c(c5)C(F)(F)F)n4n3,1.812
c1ccc2c(n[nH]c2c1)C#Cc3cccnc3,1.85
CC(=O)Nc1cn2cc(ccc2n1)c3ccnc(Cl)n3,1.859
CCn1c(C)c(\C=C\2/Oc3ccc(NC(=O)Nc4ccc(OCCN(C)C)cc4)cc3C2=O)c5cc(OC)ccc15,1.87
CCNC(=O)Nc1ccc2ncc(Nc3ccc(C)c(NS(=O)(=O)C)c3)nc2n1,1.9
CCOc1ccc(cc1OC)c2nn(CC=C)c3ncnc(N)c23,1.9
CN(C)c1ccc2C(=CC(=O)Oc2c1)COC(=O)[C@@H]3CC(=O)c4coc5C(=O)c6c7CCC(=O)c7ccc6[C@]3(C)c45,1.9
COc1ccc2c(c1)c(\C=C\3/Oc4ccc(NC(=O)Nc5cccnc5)cc4C3=O)c(C)n2CCN6CCN(C)CC6,1.9
CN(N=Cc1cnn2ccc(cc12)C#C)S(=O)(=O)c3cc(ccc3C)[N+](=O)[O-],1.9
COc1ncc(c(OC)n1)c2nn(C(C)C)c3ncnc(N)c23,1.91
CC(=O)Nc1nc2ccc(cc2s1)c3cnccc3CO,1.9119
CC(=O)Nc1nc2ccc(cc2s1)c3ccnc(n3)N4CCCCC4,1.9379
CC(C)n1nc(c2ccc3OCCc3c2)c4c(N)ncnc14,1.95
Nc1nc2ccc(cc2s1)c3ccnc(NCCCc4ccccc4)n3,1.9652
CS(=O)(=O)N1CCN(Cc2cc3nc(nc(N4CCOCC4)c3s2)c5cnc(N)nc5)CC1,1.966666667
CC(C)n1nc(c2cc3cc(O)ccc3[nH]2)c4c(N)ncnc14,1.98
FC(F)(F)Cn1nnc2c(nc(nc12)c3ccc(NC(=O)Nc4ccncc4)cc3)N5CCOCC5,2
COc1nc(nc(n1)c2ccc(NC(=O)Nc3ccc(cc3)C(=O)NCCN4CCCCC4)cc2)N5CCOCC5,2
COc1ccc2c(c1)c(\C=C\3/Oc4cc(O)cc(O)c4C3=O)c(C)n2CCO,2
COc1ccc2c(c1)c(\C=C\3/Oc4cc(O)cc(O)c4C3=O)c(C5CC5)n2CCn6cccn6,2
CNC(=O)Nc1ccc2O\C(=C/c3c([nH]c4ccc(OC)cc34)c5c(C)onc5C)\C(=O)c2c1,2
CNS(=O)(=O)c1ccc(cc1)c2ccnc3c2c(\C=C\4/Oc5cc(O)cc(O)c5C4=O)cn3C,2
O=C1NC(=O)\C(=C\c2ccc3nccc(c4ccncc4)c3c2)\S1,2
Cc1onc(n1)c2cnc3ccc(cn23)c4cncc(NS(=O)(=O)c5ccc(F)cc5F)c4,2
CC(=O)c1cnc2ccc(cn12)c3cncc(NS(=O)(=O)c4ccccc4)c3,2
Cc1onc(n1)c2cnc3ccc(cn23)c4cncc(NS(=O)(=O)c5ccccc5)c4,2
CC(C)n1ncnc1c2nc3c(CCOc4cc(ccc34)C5CCNCC5)s2,2
CN1CCN(CC1)C(=O)c2cccc(c2)c3sc4c(nc(nc4c3C)c5cnc(N)nc5)N6CCOCC6,2
COc1ncc2cc1NS(=O)(=O)c3cccc(c3)C(=O)NCc4cncc(c4)c5ccnc6ccc2cc56,2
COc1ncc2cc1NS(=O)(=O)c3cccc(c3)C(=O)NCc4cncc(c4)c5ccnc6ccc2nc56,2
COc1ncc2cc1NS(=O)(=O)c3cccc(c3)C(=O)NCC4CCN(CC4)c5ncnc6ccc2cc56,2
CC(C)n1ncnc1c2nc3c(CCOc4cc(ccc34)c5ncc[nH]5)s2,2
CC(C)n1nc(c2cccc(O)c2F)c3c(N)ncnc13,2.01
CNC(=O)Nc1ccc2O\C(=C/c3c(c4c(C)nn(C)c4C)n(CCNCCN(C)C)c5ccc(OC)cc35)\C(=O)c2c1,2.05
O=C1NC(=O)\C(=C\c2ccc3OCCNc3c2)\S1,2.1
COc1ccc2nc(nc(N3CCOCC3)c2c1)c4ccccc4,2.1
CNc1nc(C)c2C=C(C(=O)N(C3CCCC3)c2n1)c4ncccc4F,2.1
CNC(=O)Nc1ccc2O\C(=C/c3c([nH]c4ccc(OC)cc34)c5ccc(CN(C)C)cc5)\C(=O)c2c1,2.1
CNC(=O)Nc1ccc2O\C(=C/c3c(c4c(C)nn(C)c4C)n(CCCC#N)c5ccc(OC)cc35)\C(=O)c2c1,2.1
CN(C)C(=O)c1ccc(Nc2nc(Nc3ccc(NC(=O)Nc4cccnc4)cc3)nc5c2cnn5C)cc1,2.1
CCNC(=O)Nc1ccc(cc1)c2nc(N3CCOCC3)c4N(C)C5OCCC5(C)c4n2,2.1
COc1ccc(cc1OC)c2ccc3nc(C)c(c4ccnc(NCc5ccccc5)n4)n3n2,2.149
CNC(=O)Nc1ccc2O\C(=C/c3c(C)n(CCN4CCN(C)CC4)c5ccc(OC)cc35)\C(=O)c2c1,2.15
CC(=O)Nc1nc2ccc(cc2s1)c3cnc(Cl)c(c3)N(C(=O)OC(C)(C)C)C(=O)OC(C)(C)C,2.1872
CC(C)n1nc(c2ccc3NC(=O)Nc3c2)c4c(N)ncnc14,2.2
CC(C)n1nc(c2ccc3OCCOc3c2)c4c(N)ncnc14,2.2
CN(N=Cc1cncc2ccc(Br)cc12)S(=O)(=O)c3cc(ccc3C)[N+](=O)[O-],2.2
COc1ccc2c(c1)c(\C=C\3/Oc4cc(O)ccc4C3=O)c(C)n2CCN5CCN(C)CC5,2.2
CNC(=O)Nc1ccc2O\C(=C/c3c([nH]c4ccc(OC)cc34)c5c(OC)cccc5OC)\C(=O)c2c1,2.2
CNC(=O)Nc1ccc2O\C(=C/c3c(C4CCCCC4)n(CCN5CCN(C)CC5)c6ccc(OC)cc36)\C(=O)c2c1,2.2
CN(C)c1ccc(cc1S(=O)(=O)N(C)N=Cc2cnn3ccc(cc23)C#N)[N+](=O)[O-],2.2
Cc1nc2ccc(nn2c1c3ccc(cc3)S(=O)(=O)C)c4ccc(OCCCN5CCCC5=O)cc4,2.205
COc1ccc(cc1O)c2nn(C3CNC3)c4ncnc(N)c24,2.22
CNC(=O)Nc1ccc2O\C(=C/c3c(C4CC4)n(CCN5CCN(C)CC5)c6ccc(OC)cc36)\C(=O)c2c1,2.25
COc1ccc(cc1O)c2nn([C@H]3CCNC3)c4ncnc(N)c24,2.26
Nc1nc2ccc(cc2s1)c3cccc(NS(=O)(=O)c4ccccc4F)n3,2.2714
CCNC(=O)Nc1ccc2ncc(nc2n1)c3ccc(OC(=O)N(C)C)cc3,2.3
CCNC(=O)Nc1ccc2ncc(nc2n1)c3ccc(OCCOCCOC)cc3,2.3
CN(N=Cc1ccnc2ccccc12)S(=O)(=O)c3cc(ccc3C)[N+](=O)[O-],2.3
CC(=O)NCCNC(=O)c1cn2cc(nc(N3CCOCC3)c2n1)c4cccnc4,2.3
COCCOCCOCCOc1ccc(cc1OC)c2ccc3nc(C)c(c4ccc(cc4)S(=O)(=O)C)n3n2,2.363
CN1CCC(CC1)Oc2nccc(n2)c3ccc4nc(NC(=O)C)sc4c3,2.3778
CC1CN(CCO1)C2=CC(=O)c3ccc4ccccc4c3O2,2.4
Cl.C1CN(CCO1)c2ncnc3c4ccccc4sc23,2.4
CC(C)n1nc(c2ccc3OC=CC(=O)c3c2)c4c(N)ncnc14,2.4
Cl.CCn1nnc2c(nc(nc12)c3ccc(NC(=O)Nc4ccc(cc4)C(=O)NCCCN(C)C)cc3)N5CCOCC5,2.4
CCn1nnc2c(nc(nc12)c3ccc(NC(=O)Nc4ccc(cc4)C(=O)N)cc3)N5CCOCC5,2.4
COc1cc(C)c(cn1)c2cn3cc(CN4CCN(CC4)S(=O)(=O)C)nc3c(n2)N5CCOCC5,2.4
O.CN(N=Cc1cnn2ccc(cc12)C#N)S(=O)(=O)c3cc(ccc3C)C#N,2.4
C1CN(CCO1)c2nc(nc3ccsc23)c4ccc5cn[nH]c5c4,2.45
CC(=O)Nc1nc2ccc(cc2s1)c3ccnc(Nc4ccccn4)n3,2.4878
CC(=O)Nc1nc2ccc(cc2s1)c3cncc(OCCN4CCCCCC4)c3,2.4881
CC(C)n1nc(c2ccc(cc2)S(=O)(=O)N)c3c(N)ncnc13,2.5
CCn1nnc2c(nc(nc12)c3ccc(NC(=O)Nc4cccs4)cc3)N5CCOCC5,2.5
CCn1nnc2c(nc(nc12)c3ccc(NC(=O)Nc4ccc(cc4)C(=O)N5CCN(CC5)c6ccccn6)cc3)N7CCOCC7,2.5
CCN1CCCC1CNC(=O)c2ccc(NC(=O)Nc3ccc(cc3)c4nc(N5CCOCC5)c6nnn(CC)c6n4)cc2,2.5
COc1ccc2c(c1)c(\C=C\3/Oc4cc(O)cc(O)c4C3=O)c5C(=O)NCCn25,2.5
CNC(=O)Nc1ccc2O\C(=C/c3c(c4c(C)nn(C)c4C)n(CCN5CCN(C)CC5)c6ccc(OC)cc36)\C(=O)c2c1,2.5
CNC(=O)c1ccc(Nc2nc(Nc3ccc(NC(=O)Nc4cccnc4)cc3)nc5c2cnn5C)cc1,2.5
CS(=O)(=O)N1CCC2(CCN(Cc3cn4cc(nc(N5CCOCC5)c4n3)c6cccc7[nH]ncc67)C2)CC1,2.5
COc1ncc2cc1NS(=O)(=O)c3cccc(c3)C(=O)NCc4ccc(s4)c5ncnc6c(C)c2sc56,2.5
CC(C)n1ncnc1c2nc3c(CCOc4cc(O)ccc34)s2,2.5
Cc1nc(N)nc(n1)n2c(Nc3ccc(NC(=O)c4ccc(OC(F)(F)F)cc4)cc3)nc5ccccc25,2.548212
CC(=O)c1cncc(c1)c2ccc3ncsc3c2,2.5523
CC(C)n1nc(c2ccc3c(ccn3C(=O)OC(C)(C)C)c2)c4c(N)ncnc14,2.56
O=C1C=C(Oc2c1cccc2c3cccc4c5ccccc5sc34)N6CCOCC6,2.565
CN(C)c1nccc(n1)c2ccc3nc(NC(=O)C)sc3c2,2.5836
CC(=O)Nc1nc2ccc(cc2s1)c3ccnc(NN4CCCCC4)n3,2.5981
CCNC(=O)Nc1ccc2ncc(nc2n1)c3ccc(OC(=O)OCCOC)cc3,2.6
CC(C)n1nc(c2ccc(C(=O)N)c(Cl)c2)c3c(N)ncnc13,2.6
CC(C)n1nc(c2ccc3cc[nH]c3c2)c4c(N)ncnc14,2.6
CC(Nc1ccccc1)c2cc(C)cc3C(=O)C=C(Oc23)N4CCOCC4,2.6
COc1ccc2[nH]c(c(C=C3Oc4cc(O)cc(O)c4C3=O)c2c1)c5ccccc5,2.6
Cc1cn2cc(nc(N3CCOCC3)c2n1)c4cccc5[nH]ncc45,2.6
COC(=O)Cc1cn2cc(nc(N3CCOCC3)c2n1)c4cccc5[nH]ncc45,2.6
CN(N=Cc1cnc2ccc(Br)cn12)S(=O)(=O)c3cc(ccc3C)[N+](=O)[O-],2.604533333
CC(=O)Nc1nc2ccc(cc2s1)c3ccnc(n3)N4CCC[C@@H]4c5ccccc5,2.6177
CNC(=O)Nc1ccc2O\C(=C/c3c([nH]c4c(F)cc(OC)cc34)c5cnn(CC(C)C)c5)\C(=O)c2c1,2.65
Nc1ncnc2c1c(nn2CC3CCNCC3)c4ccc(Cl)c(O)c4,2.66
Nc1ncnc2c1c(nn2C3CCCC3)c4ccc5occc5c4,2.69
CC(C)n1nc(c2cc(F)c(C=O)c(F)c2)c3c(N)ncnc13,2.7
CS(=O)(=O)C1(CCNCC1)c2cc(nc(n2)c3cccc4[nH]ccc34)N5CCOCC5,2.7
Cc1nc(N)nc(n1)n2c(Nc3n[nH]c4cccc(F)c34)nc5ccccc25,2.736503
CC(=O)Nc1nc2ccc(cc2s1)c3ccnc(n3)N4CCOCC4,2.7424
CNC(=O)Nc1ccc2O\C(=C/c3c([nH]c4c(F)cc(OC)cc34)c5cnn(C)c5)\C(=O)c2c1,2.75
CC(=O)Nc1nc2ccc(cc2s1)c3ccnc(CCCc4ccccc4)n3,2.7528
CC(=O)Nc1nc2ccc(cc2s1)c3cncc(OCCN4CCOCC4)c3,2.7949
Oc1ccc(cc1)c2nc(N3CCOCC3)c4cc(O)ccc4n2,2.8
CC(C)n1nc(c2cnc3ccccc3c2)c4c(N)ncnc14,2.8
CC(C)n1nc(c2ccc3nccc(NC(=O)OC(C)(C)C)c3c2)c4c(N)ncnc14,2.8
Cl.CCn1nnc2c(nc(nc12)c3ccc(NC(=O)Nc4ccc(cc4)C(=O)NCCO)cc3)N5CCOCC5,2.8
CS(=O)(=O)N1CCC2(CC1)CN(Cc3cn4cc(nc(N5CCOCC5)c4n3)c6cccc7[nH]ncc67)C2,2.8
Clc1cccc(Nc2nc(nc(n2)n3cccn3)N4CCOCC4)c1,2.8
COc1ccc(cn1)C2=Cc3c(C)nc(N)nc3N(C4CCCOC4)C2=O,2.8
CNC(=O)Nc1ccc2O\C(=C/c3c(C4CCC4)n(CCN5CCN(C)CC5)c6ccc(OC)cc36)\C(=O)c2c1,2.85
COc1ccc2[nH]c(C)c(C=C3Oc4cc(O)cc(O)c4C3=O)c2c1,2.85
CCn1c(C)c(\C=C\2/Oc3ccc(NC(=O)Nc4ccc(OCCCCN(C)C)cc4)cc3C2=O)c5cc(OC)ccc15,2.87
COc1ccc(cn1)c2c(C)nc3sc(nn23)c4ccc(OC)c(OC)c4,2.88
Oc1ccc2nc(nc(N3CCOCC3)c2c1)c4ccccc4O,2.9
CC(C)n1nc(c2cccc(CC#N)c2)c3c(N)ncnc13,2.9
CN(N=Cc1cnn2ccc(Cl)cc12)S(=O)(=O)c3cc(ccc3C)[N+](=O)[O-],2.9
CC(=O)Nc1nc2ccc(cc2s1)c3cncc(OCCN4CCC(C)(C)C4=O)c3,2.9205
CNC(=O)Nc1ccc2O\C(=C/c3c(c4c(C)nn(C)c4C)n(CCNCCO)c5ccc(OC)cc35)\C(=O)c2c1,2.95
CCS(=O)(=O)c1ccc(cc1)c2c(C)nc3ccc(nn23)c4ccc(OC5CCNCC5)c(OC)c4,2.988
CC(C)n1nc(c2ccc(C#N)c(F)c2)c3c(N)ncnc13,3
Nc1ncnc2[nH]nc(c3ccc4ccccc4c3)c12,3
COc1ccc(cc1)n2nc(c3C(C4=C(CC(C)(C)CC4=O)Nc23)c5ccccc5Cl)C(C)(C)C,3
O=C(Nc1ccc(cc1)c2nc(N3CCOCC3)c4nnn(C5CC5)c4n2)Nc6cccs6,3
OCCc1ccc(NC(=O)Nc2ccc(cc2)c3nc(N4CCOCC4)c5nnn(CC(F)(F)F)c5n3)cc1,3
COc1ccc2c(c1)c(\C=C\3/Oc4cc(O)cc(O)c4C3=O)c5C(=O)N(C)CCn25,3
Oc1ccc2C=C(C(=O)Oc2c1)c3nc4ccccc4s3,3
CC(C)Oc1nc(nc(n1)c2ccc(NC(=O)Nc3ccc(cc3)C(=O)NCCN(C)C)cc2)N4CCOCC4,3
CC(C)Oc1nc(nc(n1)c2ccc(NC(=O)Nc3ccc(cc3)C(=O)N4CCN(C)CC4)cc2)N5CCOCC5,3
COc1ccc2c(c1)c(\C=C\3/Oc4cc(O)cc(O)c4C3=O)c(C)n2CCN5CCC(O)CC5,3
COc1ccc2c(c1)c(\C=C\3/Oc4cc(O)cc(O)c4C3=O)c(C5CCCC5)n2CCN6CCN(C)CC6,3
COc1ccc2[nH]c(c(\C=C\3/Oc4ccc(NC(=O)Nc5ccc(cc5)N(C)C(=O)CCN(C)C)cc4C3=O)c2c1)c6c(C)nn(C)c6C,3
COc1ccc2c(c1)c(\C=C\3/Oc4cc(O)cc(O)c4C3=O)c(C5CC5)n2CCO,3
COc1ccc2c(c1)c(\C=C\3/Oc4cc(O)cc(O)c4C3=O)c(C5CC5)n2CCN6CCC(O)CC6,3
CNC(=O)Nc1ccc2O\C(=C/c3c(c4onc(n4)C5CC5)n(CCN6CCN(C)CC6)c7ccc(OC)cc37)\C(=O)c2c1,3
CCc1c(\C=C\2/Oc3cc(O)cc(O)c3C2=O)c4cc(OC)ccc4n1CCCC#N,3
COc1ccc2c(c1)c(\C=C\3/Oc4ccc(NC(=O)Nc5cccnc5)cc4C3=O)c(C6CCCC6)n2CCN7CCN(C)CC7,3
CCn1c(C)c(\C=C\2/Oc3ccc(NC(=O)Nc4ccc(NCCN(C)C)cc4)cc3C2=O)c5cc(OC)ccc15,3
CC(C)n1nc(c2cccc(c2)C(=O)NC3=NCCS3)c4c(N)ncnc14,3
CNC(=O)Nc1ccc(cc1)c2cn3cc(C)nc3c(n2)N4CCOCC4,3
CS(=O)(=O)N1CC2(CCN(Cc3cn4cc(nc(N5CCOCC5)c4n3)c6cccc7[nH]ncc67)CC2)C1,3
CCOC(=O)C.Cc1ccc(cc1S(=O)(=O)N(CCO)N=Cc2cnn3ccc(cc23)C#N)C#N,3
NCCOc1cc(ccc1NC(=O)CN2CCOCC2)c3cccc4C(=O)C=C(Oc34)N5CCOCC5,3
CN(Cc1sc2c(nc(nc2c1C)c3cnc(N)nc3)N4CCOCC4)C(=O)C,3
COc1ncc2cc1NS(=O)(=O)c3cccc(c3)C(=O)NCc4ccc(F)c(c4)c5ccnc6ccc2cc56,3
COc1ncc2cc1NS(=O)(=O)c3cccc(c3)C(=O)N(C)CC4CCN(CC4)c5ccnc6ccc2cc56,3
COc1ncc2cc1NS(=O)(=O)c3cccc(c3)C(=O)NCCN4CCC(=CC4)c5cnc6ccc2cn56,3
COc1ncc2cc1NS(=O)(=O)c3cccc(c3)C(=O)NCc4cncc(c4)c5ncnc6ccc2cc56,3
COc1cc(ccc1OCCNC(=O)Nc2cccc(c2)C(F)(F)F)c3ccc4nc(C)c(c5cnc(N)c(c5)C(F)(F)F)n4n3,3.0065
Nc1ncnc2c1c(nn2C3CCCC3)c4cccc5[nH]ccc45,3.04
CS(=O)(=O)N1CCN(Cc2cc3nc(nc(N4CCOCC4)c3s2)c5cccc6[nH]ncc56)CC1,3.0412
CC(C)n1nnc2c(nc(nc12)c3ccc(NC(=O)Nc4ccc(cc4)C(=O)N)cc3)N5CCOCC5,3.05
c1cnc2[nH]nc(C#Cc3ccncc3)c2c1,3.05
CC(C)n1nc(c2cccc(CO)c2)c3c(N)ncnc13,3.1
CCn1c(C)c(\C=C\2/Oc3ccc(NC(=O)Nc4ccc(CN(C)C)cc4)cc3C2=O)c5cc(OC)ccc15,3.1
CC(=O)Nc1nc2ccc(cc2s1)c3cccc4SC(=O)Nc34,3.1421
CCNC(=O)c1ccc(NC(=O)Nc2ccc(cc2)c3nc(N4CCOCC4)c5nnn(CC)c5n3)cc1,3.15
CNC(=O)Nc1ccc2O\C(=C/c3c(C4CCCC4)n(CCN5CCN(C)CC5)c6ccc(OC)cc36)\C(=O)c2c1,3.15
COc1cccc(c1)c2nn(C(C)C)c3ncnc(N)c23,3.2
CCn1nnc2c(nc(nc12)c3ccc(NC(=O)Nc4ccc(cc4)C(=O)NCCN5CCN(C)CC5)cc3)N6CCOCC6,3.2
CN1C2CCC1CC(C2)Oc3nc(nc(n3)c4ccc(NC(=O)Nc5ccc(cc5)C(=O)N)cc4)N6CCOCC6,3.2
CC(C)n1nnc2c(nc(nc12)c3ccc(NC(=O)Nc4ccc(CO)cc4)cc3)N5CCOCC5,3.25
O=C1C=C(OC(=C1)c2cccc3Sc4ccccc4Sc23)N5CCOCC5,3.3
CCNC(=O)Nc1ccc2ncc(nc2n1)c3cccc(OC(=O)OCCOC)c3,3.3
CCN(CC)C(=O)OCn1cc(nn1)C2=Cc3c(C)nc(N)nc3N(C(C)C)C2=O,3.3
CS(=O)(=O)N1CCN(Cc2cn3cc(nc(N4CCOCC4)c3n2)c5ccc(nc5)C#N)CC1,3.3
CNC(=O)c1ccc2c(OCCn3cc(nc23)c4ncnn4C(C)C)c1,3.3
COc1ccc2cc1C(=O)NCc3ccc(s3)c4ncnc5c(C)c(sc45)c6cnc(OC)c(NS2(=O)=O)c6,3.3
CNC(=O)c1ccc2c(OCCc3sc(nc23)c4ncnn4C(C)C)c1,3.3
CC(C)n1ncnc1c2nc3c(CCOc4ccccc34)s2,3.35
Cc1nc(NCC#N)nc(n1)n2c(Nc3ccc(NC(=S)Nc4cc(Cl)cc(Cl)c4)cc3)nc5ccccc25,3.392344
CCNC(=O)Nc1ccc2ncc(nc2n1)c3ccc(OC(=O)N(CC)CC)cc3,3.4
COc1cc(ccc1NC(C)CO)c2nn(C(C)C)c3ncnc(N)c23,3.4
CC(C)n1nc(c2cccc(c2)C(=O)C)c3c(N)ncnc13,3.4
CC(C)n1nc(c2ccc3nonc3c2)c4c(N)ncnc14,3.4
Cc1nc(N)nc2N(CC(C)(C)O)C(=O)C(=Cc12)c3ccc(F)cc3,3.4
CCNc1nc(C)c2C=C(C(=O)N(C3CCCC3)c2n1)c4cccnc4N,3.4
CC(C)(O)c1cc2nc(nc(N3CCOCC3)c2s1)c4cnc(N)nc4,3.4
CC(C)n1nc(c2cc3cc(C=O)ccc3s2)c4c(N)ncnc14,3.4
CN(C)c1ccc(cc1S(=O)(=O)N(C)N=Cc2cnn3ccc(Br)cc23)[N+](=O)[O-],3.4
Oc1cccc(c1)c2nc(N3CCOCC3)c4oc5ncccc5c4n2,3.419090909
CCOc1ccc(cc1OC)c2n[nH]c3ncnc(N)c23,3.5
CCn1nnc2c(nc(nc12)c3ccc(NC(=O)Nc4ccc(cc4)C(=O)NCCN5CCOCC5)cc3)N6CCOCC6,3.5
CNC(=O)Nc1ccc2O\C(=C/c3c(c4onc(n4)C(C)C)n(CCN5CCN(C)CC5)c6ccc(OC)cc36)\C(=O)c2c1,3.5
CNC(=O)Nc1ccc2O\C(=C/c3c(C)n(CCCN4CCN(C)CC4)c5ccc(OC)cc35)\C(=O)c2c1,3.5
CNC(=O)Nc1ccc2O\C(=C/c3c(C)n(CCCN4CCCCC4)c5ccc(OC)cc35)\C(=O)c2c1,3.5
CCn1c(C)c(\C=C\2/Oc3ccc(NC(=O)Nc4ccc(cc4)N(C)CCN(C)C)cc3C2=O)c5cc(OC)ccc15,3.5
COc1ccc2c(c1)c(\C=C\3/Oc4cc(O)cc(O)c4C3=O)c(C5CCC5)n2CCN6CCN(C)CC6,3.5
CNC(=O)Nc1ccc2O\C(=C/c3c(C)n(CCCN4CCCC4)c5ccc(OC)cc35)\C(=O)c2c1,3.5
CCn1c(C)c(\C=C\2/Oc3ccc(NC(=O)Nc4ccc(CCN(C)C)cc4)cc3C2=O)c5cc(OC)ccc15,3.5
Cc1nc(N)ncc1c2nc(N3CCOCC3)c4sc(cc4n2)C(C)(C)O,3.5
CC(C)n1ncnc1c2nc3c(CCOc4cc(CNCCO)ccc34)s2,3.5
